address,price,url,beds,baths,sqft,units,status,home_status,property_subtype,home_type,city,state,zipcode,latitude,longitude,zpid,monthly_rent,total_actual_rent,price_per_sqft,annual_property_tax,down_payment,loan_amount,monthly_mortgage_pi,monthly_taxes,monthly_insurance,monthly_vacancy,monthly_maintenance,monthly_management,monthly_capex,monthly_expenses,monthly_noi,monthly_cash_flow,cash_on_cash_return
"424 W Cherry Ln Trailer 132, Meridian, ID 83642",114900,https://www.zillow.com/homedetails/424-W-Cherry-Ln-TRAILER-132-Meridian-ID-83642/190074094_zpid/,3.0,2.0,900,1,Active,FOR_SALE,,MANUFACTURED,Meridian,ID,83642,43.622665,-116.399605,190074094,2000.0,2000.0,127.66666666666667,1378.8,22980.0,91920.0,627.05643662765,114.89999999999999,33.512499999999996,100.0,100.0,160.0,100.0,1235.46893662765,1391.5875,764.53106337235,39.92329312649347
"424 W Cherry Ln, Meridian, ID 83642",114900,https://www.zillow.com/homedetails/424-W-Cherry-Ln-Meridian-ID-83642/239901460_zpid/,3.0,2.0,1033,1,Active,FOR_SALE,,MANUFACTURED,Meridian,ID,83642,43.61943,-116.39965,239901460,2000.0,2000.0,111.22942884801549,1378.8,22980.0,91920.0,627.05643662765,114.89999999999999,33.512499999999996,100.0,100.0,160.0,100.0,1235.46893662765,1391.5875,764.53106337235,39.92329312649347
"424 W Cherry Ln Trailer 53, Meridian, ID 83642",159000,https://www.zillow.com/homedetails/424-W-Cherry-Ln-TRAILER-53-Meridian-ID-83642/190077929_zpid/,4.0,2.0,1792,1,For sale by owner,FOR_SALE,,MANUFACTURED,Meridian,ID,83642,43.62109,-116.39953,190077929,2000.0,2000.0,88.72767857142857,1908.0,31800.0,127200.0,867.7282282314738,159.0,46.37499999999999,100.0,100.0,160.0,100.0,1533.1032282314738,1334.625,466.89677176852615,17.618746104472685
"700 E Fairview Ave Trailer 28, Meridian, ID 83642",185000,https://www.zillow.com/homedetails/700-E-Fairview-Ave-TRAILER-28-Meridian-ID-83642/448845078_zpid/,3.0,2.0,2496,1,New,FOR_SALE,,MANUFACTURED,Meridian,ID,83642,43.620415,-116.38851,448845078,2000.0,2000.0,74.11858974358974,2220.0,37000.0,148000.0,1009.6208944831614,185.0,53.95833333333332,100.0,100.0,160.0,100.0,1708.5792278164947,1301.0416666666667,291.4207721835053,9.45148450324882
"918 NW 4th St, Meridian, ID 83642",674900,https://www.zillow.com/homedetails/918-NW-4th-St-Meridian-ID-83642/79631655_zpid/,6.0,3.0,3072,3,Active,FOR_SALE,Triplex,MULTI_FAMILY,Meridian,ID,83642,43.6125,-116.397995,79631655,6000.0,6000.0,219.69401041666666,8098.8,134980.0,539920.0,3683.2061712793816,674.9,196.8458333333333,300.0,300.0,480.0,300.0,5934.9520046127145,3748.2541666666666,65.04799538728548,0.5782900760463963
"19 S Rose Cir, Meridian, ID 83642",230000,https://www.zillow.com/homedetails/19-S-Rose-Cir-Meridian-ID-83642/79604311_zpid/,2.0,2.0,1344,1,Active,FOR_SALE,,MANUFACTURED,Meridian,ID,83642,43.603577,-116.394295,79604311,2000.0,2000.0,171.13095238095238,2760.0,46000.0,184000.0,1255.2043553033898,230.0,67.08333333333333,100.0,100.0,160.0,100.0,2012.287688636723,1242.9166666666667,-12.287688636723033,-0.3205483992188617
"714 NW 8th St, Meridian, ID 83642",259000,https://www.zillow.com/homedetails/714-NW-8th-St-Meridian-ID-83642/79591858_zpid/,2.0,1.0,975,1,Active,FOR_SALE,,CONDO,Meridian,ID,83642,43.610413,-116.40391,79591858,2000.0,2000.0,265.64102564102564,3108.0,51800.0,207200.0,1413.469252276426,259.0,75.54166666666666,100.0,100.0,160.0,100.0,2208.0109189430927,1205.4583333333335,-208.01091894309275,-4.818785767021454
"728 NW 8th St, Meridian, ID 83642",287400,https://www.zillow.com/homedetails/728-NW-8th-St-Meridian-ID-83642/79650237_zpid/,2.0,1.0,975,1,Active,FOR_SALE,,CONDO,Meridian,ID,83642,43.61071,-116.40391,79650237,2000.0,2000.0,294.7692307692308,3448.8,57480.0,229920.0,1568.4597031051924,287.40000000000003,83.82499999999999,100.0,100.0,160.0,100.0,2399.6847031051925,1168.775,-399.6847031051925,-8.344148290296296
"1515 W Maple Ave, Meridian, ID 83642",519900,https://www.zillow.com/homedetails/1515-W-Maple-Ave-Meridian-ID-83642/79634571_zpid/,4.0,2.0,1752,2,New,FOR_SALE,Duplex,MULTI_FAMILY,Meridian,ID,83642,43.615795,-116.4128,79634571,4000.0,4000.0,296.74657534246575,6238.8,103980.0,415920.0,2837.3075840097063,519.9,151.6375,200.0,200.0,320.0,200.0,4428.845084009707,2408.4625,-428.8450840097066,-4.949164270163954
"691 W Barrett St, Meridian, ID 83642",315000,https://www.zillow.com/homedetails/691-W-Barrett-St-Meridian-ID-83642/72683266_zpid/,2.0,2.0,1008,1,Active,FOR_SALE,,TOWNHOUSE,Meridian,ID,83642,43.602238,-116.402145,72683266,2000.0,2000.0,312.5,3780.0,63000.0,252000.0,1719.084225741599,315.0,91.875,100.0,100.0,160.0,100.0,2585.959225741599,1133.125,-585.9592257415989,-11.161128109363789
"Ashby Plan, Newkirk",389900,https://www.zillow.com/community/newkirk/460682102_zpid/,3.0,3.0,1643,1,New construction,FOR_SALE,,TOWNHOUSE,Meridian,ID,83642,43.608215,-116.44767,460682102,2000.0,2000.0,237.30979914790018,4678.8,77980.0,311920.0,2127.8442527512684,389.90000000000003,113.72083333333332,100.0,100.0,160.0,100.0,3091.465086084602,1036.3791666666666,-1091.4650860846018,-16.79607724161993
"Plan 1265 Plan, Pivot Pointe",389990,https://www.zillow.com/community/pivot-pointe/458226763_zpid/,3.0,2.0,1265,1,New construction,FOR_SALE,,SINGLE_FAMILY,Meridian,ID,83642,43.611877,-116.45178,458226763,2000.0,2000.0,308.29249011857706,4679.88,77998.0,311992.0,2128.3354196729088,389.99,113.74708333333332,100.0,100.0,160.0,100.0,3092.0725030062417,1036.2629166666666,-1092.0725030062417,-16.8015462397432
"401 N Zimmerman Way, Meridian, ID 83642",399900,https://www.zillow.com/homedetails/401-N-Zimmerman-Way-Meridian-ID-83642/462541472_zpid/,3.0,3.0,1635,1,New,FOR_SALE,,TOWNHOUSE,Meridian,ID,83642,43.608402,-116.44666,462541472,2000.0,2000.0,244.58715596330276,4798.8,79980.0,319920.0,2182.4183551557635,399.90000000000003,116.63749999999999,100.0,100.0,160.0,100.0,3158.9558551557634,1023.4625,-1158.9558551557634,-17.388684998586097
"422 N Fritts Ave, Meridian, ID 83642",399900,https://www.zillow.com/homedetails/422-N-Fritts-Ave-Meridian-ID-83642/462031133_zpid/,3.0,3.0,1635,1,Active,FOR_SALE,,TOWNHOUSE,Meridian,ID,83642,43.608555,-116.447136,462031133,2000.0,2000.0,244.58715596330276,4798.8,79980.0,319920.0,2182.4183551557635,399.90000000000003,116.63749999999999,100.0,100.0,160.0,100.0,3158.9558551557634,1023.4625,-1158.9558551557634,-17.388684998586097
"406 N Fritts Ave, Meridian, ID 83642",399900,https://www.zillow.com/homedetails/406-N-Fritts-Ave-Meridian-ID-83642/461681834_zpid/,3.0,3.0,1635,1,Active,FOR_SALE,,TOWNHOUSE,Meridian,ID,83642,43.608437,-116.44719,461681834,2000.0,2000.0,244.58715596330276,4798.8,79980.0,319920.0,2182.4183551557635,399.90000000000003,116.63749999999999,100.0,100.0,160.0,100.0,3158.9558551557634,1023.4625,-1158.9558551557634,-17.388684998586097
"1239 N Victor Way, Meridian, ID 83642",399999,https://www.zillow.com/homedetails/1239-N-Victor-Way-Meridian-ID-83642/79669925_zpid/,2.0,2.0,1186,1,Active,FOR_SALE,,SINGLE_FAMILY,Meridian,ID,83642,43.61619,-116.4323,79669925,2000.0,2000.0,337.2672849915683,4799.988,79999.8,319999.2,2182.958638769568,399.999,116.666375,100.0,100.0,160.0,100.0,3159.6240137695677,1023.334625,-1159.6240137695677,-17.394403692552746
"1653 E Horse Creek Ct, Meridian, ID 83642",404900,https://www.zillow.com/homedetails/1653-E-Horse-Creek-Ct-Meridian-ID-83642/83164403_zpid/,3.0,2.0,1631,1,Active,FOR_SALE,,TOWNHOUSE,Meridian,ID,83642,43.57943,-116.37368,83164403,2000.0,2000.0,248.25260576333537,4858.8,80980.0,323920.0,2209.7054063580113,404.90000000000003,118.09583333333332,100.0,100.0,160.0,100.0,3192.7012396913447,1017.0041666666666,-1192.7012396913447,-17.67401194899498
"1129 W Giantsbane Dr, Meridian, ID 83642",404995,https://www.zillow.com/homedetails/1129-W-Giantsbane-Dr-Meridian-ID-83642/461234193_zpid/,3.0,2.0,1558,1,Active,FOR_SALE,,SINGLE_FAMILY,Meridian,ID,83642,43.528656,-116.40781,461234193,2000.0,2000.0,259.9454428754814,4859.9400000000005,80999.0,323996.0,2210.2238603308538,404.99500000000006,118.12354166666665,100.0,100.0,160.0,100.0,3193.3424019975205,1016.8814583333333,-1193.3424019975205,-17.6793649600245
"1310 N Gallant Ln, Meridian, ID 83642",413900,https://www.zillow.com/homedetails/1310-N-Gallant-Ln-Meridian-ID-83642/79659180_zpid/,3.0,2.0,1386,1,Active,FOR_SALE,,TOWNHOUSE,Meridian,ID,83642,43.616814,-116.37625,79659180,2000.0,2000.0,298.62914862914863,4966.8,82780.0,331120.0,2258.822098522057,413.90000000000003,120.72083333333332,100.0,100.0,160.0,100.0,3253.4429318553903,1005.3791666666666,-1253.4429318553903,-18.170228536197975
"1849 E Horse Creek Ct, Meridian, ID 83642",415900,https://www.zillow.com/homedetails/1849-E-Horse-Creek-Ct-Meridian-ID-83642/83169146_zpid/,3.0,2.0,1891,1,Active,FOR_SALE,,TOWNHOUSE,Meridian,ID,83642,43.579548,-116.37175,83169146,2000.0,2000.0,219.93654151242728,4990.8,83180.0,332720.0,2269.736919002956,415.90000000000003,121.30416666666666,100.0,100.0,160.0,100.0,3266.9410856696227,1002.7958333333333,-1266.9410856696227,-18.27758238523139
"4250 S Mitman Way, Meridian, ID 83642",420000,https://www.zillow.com/homedetails/4250-S-Mitman-Way-Meridian-ID-83642/83173347_zpid/,3.0,3.0,1596,1,Active,FOR_SALE,,SINGLE_FAMILY,Meridian,ID,83642,43.566147,-116.37262,83173347,2000.0,2000.0,263.1578947368421,5040.0,84000.0,336000.0,2292.112300988799,420.0,122.49999999999999,100.0,100.0,160.0,100.0,3294.612300988799,997.5,-1294.6123009887988,-18.494461442697123
"4055 W Bunny Hill Ln, Meridian, ID 83642",649900,https://www.zillow.com/homedetails/4055-W-Bunny-Hill-Ln-Meridian-ID-83642/2058431419_zpid/,6.0,4.0,3376,2,Active,FOR_SALE,Duplex,MULTI_FAMILY,Meridian,ID,83642,43.60724,-116.44438,2058431419,4000.0,4000.0,192.5059241706161,7798.8,129980.0,519920.0,3546.7709152681437,649.9,189.55416666666665,200.0,200.0,320.0,200.0,5306.22508193481,2240.5458333333336,-1306.22508193481,-12.059317574409695
"3306 W Remembrance Dr, Meridian, ID 83642",424900,https://www.zillow.com/homedetails/3306-W-Remembrance-Dr-Meridian-ID-83642/336014740_zpid/,3.0,2.0,1699,1,New,FOR_SALE,,SINGLE_FAMILY,Meridian,ID,83642,43.545277,-116.435005,336014740,2000.0,2000.0,250.08828722778105,5098.8,84980.0,339920.0,2318.8536111670014,424.90000000000003,123.92916666666666,100.0,100.0,160.0,100.0,3327.6827778336683,991.1708333333333,-1327.6827778336683,-18.748168197227606
"5994 S Donaway Ave, Meridian, ID 83642",425000,https://www.zillow.com/homedetails/5994-S-Donaway-Ave-Meridian-ID-83642/331267627_zpid/,3.0,2.0,1699,1,Active,FOR_SALE,,SINGLE_FAMILY,Meridian,ID,83642,43.55031,-116.43429,331267627,2000.0,2000.0,250.14714537963508,5100.0,85000.0,340000.0,2319.3993521910465,425.0,123.95833333333331,100.0,100.0,160.0,100.0,3328.35768552438,991.0416666666667,-1328.35768552438,-18.753284972108894
"5928 S Nordean Ave #204, Meridian, ID 83642",426450,https://www.zillow.com/homedetails/5928-S-Nordean-Ave-204-Meridian-ID-83642/462088901_zpid/,4.0,3.0,2109,1,Active,FOR_SALE,,SINGLE_FAMILY,Meridian,ID,83642,43.55098,-116.43527,462088901,2000.0,2000.0,202.20483641536273,5117.400000000001,85290.0,341160.0,2327.312597039698,426.45000000000005,124.38124999999998,100.0,100.0,160.0,100.0,3338.1438470396984,989.1687499999999,-1338.1438470396984,-18.8272085408329
"3697 W La Brea Dr, Meridian, ID 83642",429000,https://www.zillow.com/homedetails/3697-W-La-Brea-Dr-Meridian-ID-83642/339432335_zpid/,3.0,2.0,1447,1,Active,FOR_SALE,,SINGLE_FAMILY,Meridian,ID,83642,43.554268,-116.439995,339432335,2000.0,2000.0,296.4754664823773,5148.0,85800.0,343200.0,2341.228993152845,429.0,125.12499999999999,100.0,100.0,160.0,100.0,3355.353993152845,985.875,-1355.3539931528449,-18.955999904235593
"627 N Kayden Way, Meridian, ID 83642",429900,https://www.zillow.com/homedetails/627-N-Kayden-Way-Meridian-ID-83642/83170389_zpid/,3.0,2.0,1500,1,Active,FOR_SALE,,SINGLE_FAMILY,Meridian,ID,83642,43.610596,-116.447426,83170389,2000.0,2000.0,286.6,5158.8,85980.0,343920.0,2346.140662369249,429.90000000000003,125.38749999999999,100.0,100.0,160.0,100.0,3361.428162369249,984.7125,-1361.428162369249,-19.00109089140613
"4115 E Blueberry St, Meridian, ID 83642",429900,https://www.zillow.com/homedetails/4115-E-Blueberry-St-Meridian-ID-83642/331268782_zpid/,3.0,2.0,1358,1,Active,FOR_SALE,,TOWNHOUSE,Meridian,ID,83642,43.588055,-116.34304,331268782,2000.0,2000.0,316.5684830633284,5158.8,85980.0,343920.0,2346.140662369249,429.90000000000003,125.38749999999999,100.0,100.0,160.0,100.0,3361.428162369249,984.7125,-1361.428162369249,-19.00109089140613
"353 S Calf Creek Ave, Meridian, ID 83642",439900,https://www.zillow.com/homedetails/353-S-Calf-Creek-Ave-Meridian-ID-83642/339431405_zpid/,3.0,3.0,2093,1,Active,FOR_SALE,,SINGLE_FAMILY,Meridian,ID,83642,43.60163,-116.44632,339431405,2000.0,2000.0,210.17677974199714,5278.8,87980.0,351920.0,2400.7147647737447,439.90000000000003,128.30416666666665,100.0,100.0,160.0,100.0,3428.9189314404116,971.7958333333333,-1428.9189314404116,-19.48968763046708
"1774 E Hadler St, Meridian, ID 83642",455000,https://www.zillow.com/homedetails/1774-E-Hadler-St-Meridian-ID-83642/461618047_zpid/,3.0,2.0,1466,1,Active,FOR_SALE,,SINGLE_FAMILY,Meridian,ID,83642,43.538834,-116.372154,461618047,2000.0,2000.0,310.36834924965893,5460.0,91000.0,364000.0,2483.121659404532,455.0,132.70833333333331,100.0,100.0,160.0,100.0,3530.8299927378653,952.2916666666667,-1530.8299927378653,-20.18676913500482
"4038 W Peak Cloud Dr, Meridian, ID 83642",459900,https://www.zillow.com/homedetails/4038-W-Peak-Cloud-Dr-Meridian-ID-83642/336012989_zpid/,3.0,2.0,1848,1,Active,FOR_SALE,,SINGLE_FAMILY,Meridian,ID,83642,43.6044,-116.4445,336012989,2000.0,2000.0,248.86363636363637,5518.8,91980.0,367920.0,2509.8629695827344,459.90000000000003,134.1375,100.0,100.0,160.0,100.0,3563.9004695827343,945.9625000000001,-1563.9004695827343,-20.403137241783877
"3515 E Cedarhurst Dr, Meridian, ID 83642",464000,https://www.zillow.com/homedetails/3515-E-Cedarhurst-Dr-Meridian-ID-83642/461673245_zpid/,3.0,2.0,1392,1,Active,FOR_SALE,,SINGLE_FAMILY,Meridian,ID,83642,43.54073,-116.350426,461673245,2000.0,2000.0,333.3333333333333,5568.0,92800.0,371200.0,2532.2383515685774,464.0,135.33333333333331,100.0,100.0,160.0,100.0,3591.571684901911,940.6666666666667,-1591.5716849019109,-20.58066833924885
"1539 W Braden Dr, Meridian, ID 83642",465990,https://www.zillow.com/homedetails/1539-W-Braden-Dr-Meridian-ID-83642/462440616_zpid/,3.0,3.0,1650,1,Active,FOR_SALE,,SINGLE_FAMILY,Meridian,ID,83642,43.55046,-116.413,462440616,2000.0,2000.0,282.41818181818184,5591.88,93198.0,372792.0,2543.098597947072,465.99,135.91375,100.0,100.0,160.0,100.0,3605.0023479470724,938.09625,-1605.0023479470724,-20.665709752746697
"303 W Pine Ave, Meridian, ID 83642",470000,https://www.zillow.com/homedetails/303-W-Pine-Ave-Meridian-ID-83642/79612102_zpid/,4.0,2.0,2138,1,New,FOR_SALE,,SINGLE_FAMILY,Meridian,ID,83642,43.611713,-116.397415,79612102,2000.0,2000.0,219.83161833489243,5640.0,94000.0,376000.0,2564.9828130112746,470.0,137.08333333333331,100.0,100.0,160.0,100.0,3632.066146344608,932.9166666666667,-1632.0661463446081,-20.834886974612015
"1802 W Heavy Timber Dr, Meridian, ID 83642",472000,https://www.zillow.com/homedetails/1802-W-Heavy-Timber-Dr-Meridian-ID-83642/116161042_zpid/,3.0,3.0,1961,1,Active,FOR_SALE,,SINGLE_FAMILY,Meridian,ID,83642,43.586014,-116.41643,116161042,2000.0,2000.0,240.69352371239162,5664.0,94400.0,377600.0,2575.897633492174,472.0,137.66666666666666,100.0,100.0,160.0,100.0,3645.5643001588405,930.3333333333335,-1645.5643001588405,-20.918190256256448
"Havasu Plan, Hadler",474800,https://www.zillow.com/community/hadler/461620655_zpid/,3.0,2.0,1589,1,New construction,FOR_SALE,,SINGLE_FAMILY,Meridian,ID,83642,43.53868,-116.3714,461620655,2000.0,2000.0,298.8042794210195,5697.6,94960.0,379840.0,2591.1783821654326,474.8,138.48333333333332,100.0,100.0,160.0,100.0,3664.461715498766,926.7166666666667,-1664.461715498766,-21.033635831913635
"1987 E Party Jet St, Meridian, ID 83642",474900,https://www.zillow.com/homedetails/1987-E-Party-Jet-St-Meridian-ID-83642/79640567_zpid/,3.0,3.0,1864,1,Coming Soon,FOR_SALE,,SINGLE_FAMILY,Meridian,ID,83642,43.582466,-116.369774,79640567,2000.0,2000.0,254.77467811158797,5698.8,94980.0,379920.0,2591.7241231894773,474.90000000000003,138.5125,100.0,100.0,160.0,100.0,3665.136623189477,926.5875000000001,-1665.1366231894772,-21.037733710542984
"1533 W Braden Dr, Meridian, ID 83642",475990,https://www.zillow.com/homedetails/1533-W-Braden-Dr-Meridian-ID-83642/462440761_zpid/,3.0,3.0,1851,1,Active,FOR_SALE,,SINGLE_FAMILY,Meridian,ID,83642,43.550434,-116.41288,462440761,2000.0,2000.0,257.1528903295516,5711.88,95198.0,380792.0,2597.6727003515675,475.99,138.83041666666665,100.0,100.0,160.0,100.0,3672.4931170182344,925.1795833333333,-1672.4931170182344,-21.08228891806426
"1761 E Hadler St, Meridian, ID 83642",484800,https://www.zillow.com/homedetails/1761-E-Hadler-St-Meridian-ID-83642/462475513_zpid/,3.0,2.0,1589,1,Active,FOR_SALE,,SINGLE_FAMILY,Meridian,ID,83642,43.53855,-116.372345,462475513,2000.0,2000.0,305.09754562617996,5817.6,96960.0,387840.0,2645.7524845699277,484.8,141.39999999999998,100.0,100.0,160.0,100.0,3731.952484569928,913.8,-1731.952484569928,-21.43505550210307
"3630 S Murlo Ave, Meridian, ID 83642",489900,https://www.zillow.com/homedetails/3630-S-Murlo-Ave-Meridian-ID-83642/79674232_zpid/,4.0,3.0,2106,1,Active,FOR_SALE,,SINGLE_FAMILY,Meridian,ID,83642,43.571693,-116.37508,79674232,2000.0,2000.0,232.62108262108262,5878.8,97980.0,391920.0,2673.58527679622,489.90000000000003,142.8875,100.0,100.0,160.0,100.0,3766.37277679622,907.2125000000001,-1766.37277679622,-21.63346940350545
"7102 S Cascabel Ln, Meridian, ID 83642",492800,https://www.zillow.com/homedetails/7102-S-Cascabel-Ln-Meridian-ID-83642/441935135_zpid/,3.0,2.0,1390,1,Active,FOR_SALE,,SINGLE_FAMILY,Meridian,ID,83642,43.540268,-116.34767,441935135,2000.0,2000.0,354.53237410071944,5913.6,98560.0,394240.0,2689.411766493524,492.8,143.73333333333332,100.0,100.0,160.0,100.0,3785.945099826857,903.4666666666667,-1785.9450998268571,-21.744461442697126
"2763 E Deerhill Dr, Meridian, ID 83642",495000,https://www.zillow.com/homedetails/2763-E-Deerhill-Dr-Meridian-ID-83642/83120224_zpid/,3.0,3.0,1876,1,Active,FOR_SALE,,SINGLE_FAMILY,Meridian,ID,83642,43.56789,-116.35978,83120224,2000.0,2000.0,263.8592750533049,5940.0,99000.0,396000.0,2701.418069022513,495.0,144.37499999999997,100.0,100.0,160.0,100.0,3800.793069022513,900.625,-1800.793069022513,-21.82779477603046
"6025 S Catria Pl, Meridian, ID 83642",498900,https://www.zillow.com/homedetails/6025-S-Catria-Pl-Meridian-ID-83642/339431573_zpid/,3.0,3.0,1765,1,Active,FOR_SALE,,SINGLE_FAMILY,Meridian,ID,83642,43.550106,-116.432594,339431573,2000.0,2000.0,282.6628895184136,5986.8,99780.0,399120.0,2722.701968960266,498.90000000000003,145.5125,100.0,100.0,160.0,100.0,3827.114468960266,895.5875000000001,-1827.114468960266,-21.973715802288226
"5560 W Belvedere Ln, Meridian, ID 83642",499000,https://www.zillow.com/homedetails/5560-W-Belvedere-Ln-Meridian-ID-83642/348918096_zpid/,,,,1,Active,FOR_SALE,,LOT,Meridian,ID,83642,43.593304,-116.46199,348918096,2000.0,2000.0,,5988.0,99800.0,399200.0,2723.247709984311,499.0,145.54166666666666,100.0,100.0,160.0,100.0,3827.7893766509774,895.4583333333335,-1827.7893766509774,-21.97742737456085
"1384 E Palermo St, Meridian, ID 83642",499900,https://www.zillow.com/homedetails/1384-E-Palermo-St-Meridian-ID-83642/79630651_zpid/,4.0,3.0,1868,1,Active,FOR_SALE,,SINGLE_FAMILY,Meridian,ID,83642,43.571014,-116.37715,79630651,2000.0,2000.0,267.6124197002141,5998.8,99980.0,399920.0,2728.1593792007156,499.90000000000003,145.80416666666665,100.0,100.0,160.0,100.0,3833.8635458673825,894.2958333333333,-1833.8635458673825,-22.01076470334926
"714 W Calderwood St, Meridian, ID 83642",499900,https://www.zillow.com/homedetails/714-W-Calderwood-St-Meridian-ID-83642/79693587_zpid/,4.0,3.0,1689,1,Active,FOR_SALE,,SINGLE_FAMILY,Meridian,ID,83642,43.58622,-116.402504,79693587,2000.0,2000.0,295.9739490822972,5998.8,99980.0,399920.0,2728.1593792007156,499.90000000000003,145.80416666666665,100.0,100.0,160.0,100.0,3833.8635458673825,894.2958333333333,-1833.8635458673825,-22.01076470334926
"2215 S Border Way, Meridian, ID 83642",499990,https://www.zillow.com/homedetails/2215-S-Border-Way-Meridian-ID-83642/462300598_zpid/,3.0,2.0,1694,1,Active,FOR_SALE,,SINGLE_FAMILY,Meridian,ID,83642,43.58503,-116.42926,462300598,2000.0,2000.0,295.15348288075563,5999.88,99998.0,399992.0,2728.650546122356,499.99,145.83041666666665,100.0,100.0,160.0,100.0,3834.4709627890225,894.1795833333333,-1834.4709627890225,-22.014091835304974
"4132 E Silverking Ln, Meridian, ID 83642",505000,https://www.zillow.com/homedetails/4132-E-Silverking-Ln-Meridian-ID-83642/249556579_zpid/,2.0,2.0,1838,1,Active,FOR_SALE,,TOWNHOUSE,Meridian,ID,83642,43.58756,-116.342834,249556579,2000.0,2000.0,274.7551686615887,6060.0,101000.0,404000.0,2755.992171427008,505.0,147.29166666666666,100.0,100.0,160.0,100.0,3868.2838380936746,887.7083333333335,-1868.2838380936746,-22.197431739726827
"8425 S Wavecrest Ave, Meridian, ID 83642",509000,https://www.zillow.com/homedetails/8425-S-Wavecrest-Ave-Meridian-ID-83642/462531620_zpid/,3.0,2.0,1688,1,New construction,FOR_SALE,,SINGLE_FAMILY,Meridian,ID,83642,43.528217,-116.41702,462531620,2000.0,2000.0,301.54028436018956,6108.0,101800.0,407200.0,2777.8218123888064,509.0,148.45833333333331,100.0,100.0,160.0,100.0,3895.28014572214,882.5416666666667,-1895.2801457221399,-22.341219792402438
"7111 S Cascabel Ln, Meridian, ID 83642",511800,https://www.zillow.com/homedetails/7111-S-Cascabel-Ln-Meridian-ID-83642/441935658_zpid/,3.0,2.0,1546,1,Active,FOR_SALE,,SINGLE_FAMILY,Meridian,ID,83642,43.540176,-116.34808,441935658,2000.0,2000.0,331.0478654592497,6141.6,102360.0,409440.0,2793.1025610620645,511.8,149.27499999999998,100.0,100.0,160.0,100.0,3914.177561062065,878.925,-1914.1775610620648,-22.440534127339564
"1710 W Woodington St, Meridian, ID 83642",515000,https://www.zillow.com/homedetails/1710-W-Woodington-St-Meridian-ID-83642/116160943_zpid/,3.0,3.0,2017,1,Active,FOR_SALE,,SINGLE_FAMILY,Meridian,ID,83642,43.58626,-116.41508,116160943,2000.0,2000.0,255.32969757064947,6180.0,103000.0,412000.0,2810.5662738315036,515.0,150.20833333333331,100.0,100.0,160.0,100.0,3935.774607164837,874.7916666666667,-1935.774607164837,-22.552713869881597
"1344 N Crestmont Dr, Meridian, ID 83642",515900,https://www.zillow.com/homedetails/1344-N-Crestmont-Dr-Meridian-ID-83642/79683999_zpid/,4.0,3.0,2102,1,Active,FOR_SALE,,SINGLE_FAMILY,Meridian,ID,83642,43.616905,-116.399666,79683999,2000.0,2000.0,245.43292102759276,6190.8,103180.0,412720.0,2815.4779430479075,515.9,150.47083333333333,100.0,100.0,160.0,100.0,3941.848776381241,873.6291666666666,-1941.848776381241,-22.584013681503095
"2741 W Marbeth Dr, Meridian, ID 83642",519900,https://www.zillow.com/homedetails/2741-W-Marbeth-Dr-Meridian-ID-83642/241993775_zpid/,5.0,3.0,2390,1,Active,FOR_SALE,,SINGLE_FAMILY,Meridian,ID,83642,43.61084,-116.427826,241993775,2000.0,2000.0,217.53138075313808,6238.8,103980.0,415920.0,2837.3075840097063,519.9,151.6375,100.0,100.0,160.0,100.0,3968.845084009706,868.4625000000001,-1968.8450840097062,-22.72181285643054
"3907 W Maypearl St, Meridian, ID 83642",524900,https://www.zillow.com/homedetails/3907-W-Maypearl-St-Meridian-ID-83642/457905709_zpid/,4.0,2.0,2126,1,Active,FOR_SALE,,SINGLE_FAMILY,Meridian,ID,83642,43.539654,-116.44249,457905709,2000.0,2000.0,246.89557855126998,6298.8,104980.0,419920.0,2864.5946352119536,524.9,153.09583333333333,100.0,100.0,160.0,100.0,4002.590468545287,862.0041666666666,-2002.590468545287,-22.891108423074343
"3862 E Collingwood St, Meridian, ID 83642",525000,https://www.zillow.com/homedetails/3862-E-Collingwood-St-Meridian-ID-83642/336013637_zpid/,3.0,2.0,1515,1,New,FOR_SALE,,SINGLE_FAMILY,Meridian,ID,83642,43.548355,-116.34613,336013637,2000.0,2000.0,346.53465346534654,6300.0,105000.0,420000.0,2865.1403762359982,525.0,153.12499999999997,100.0,100.0,160.0,100.0,4003.2653762359982,861.875,-2003.2653762359982,-22.89446144269712
"1918 E Springloyd St, Meridian, ID 83642",532900,https://www.zillow.com/homedetails/1918-E-Springloyd-St-Meridian-ID-83642/460401135_zpid/,4.0,3.0,2116,1,Active,FOR_SALE,,SINGLE_FAMILY,Meridian,ID,83642,43.574635,-116.37057,460401135,2000.0,2000.0,251.8431001890359,6394.8,106580.0,426320.0,2908.2539171355497,532.9,155.42916666666665,100.0,100.0,160.0,100.0,4056.5830838022166,851.6708333333333,-2056.5830838022166,-23.15537343368981
"3676 S Ascaino Ave, Meridian, ID 83642",540000,https://www.zillow.com/homedetails/3676-S-Ascaino-Ave-Meridian-ID-83642/79699127_zpid/,4.0,3.0,2576,1,Active,FOR_SALE,,SINGLE_FAMILY,Meridian,ID,83642,43.571228,-116.37761,79699127,2000.0,2000.0,209.6273291925466,6480.0,108000.0,432000.0,2947.001529842741,540.0,157.49999999999997,100.0,100.0,160.0,100.0,4104.501529842741,842.5,-2104.5015298427406,-23.383350331586005
"783 E Bissett St, Meridian, ID 83642",540000,https://www.zillow.com/homedetails/783-E-Bissett-St-Meridian-ID-83642/336013422_zpid/,3.0,3.0,2272,1,Active,FOR_SALE,,SINGLE_FAMILY,Meridian,ID,83642,43.612568,-116.38181,336013422,2000.0,2000.0,237.67605633802816,6480.0,108000.0,432000.0,2947.001529842741,540.0,157.49999999999997,100.0,100.0,160.0,100.0,4104.501529842741,842.5,-2104.5015298427406,-23.383350331586005
"1251 E Palermo St, Meridian, ID 83642",544000,https://www.zillow.com/homedetails/1251-E-Palermo-St-Meridian-ID-83642/72689940_zpid/,5.0,3.0,2423,1,Active,FOR_SALE,,SINGLE_FAMILY,Meridian,ID,83642,43.57039,-116.37872,72689940,2000.0,2000.0,224.51506397028476,6528.0,108800.0,435200.0,2968.83117080454,544.0,158.66666666666666,100.0,100.0,160.0,100.0,4131.497837471206,837.3333333333335,-2131.4978374712064,-23.509167325050072
"1128 W State St, Meridian, ID 83642",545000,https://www.zillow.com/homedetails/1128-W-State-St-Meridian-ID-83642/79651974_zpid/,4.0,3.0,2100,1,Active,FOR_SALE,,SINGLE_FAMILY,Meridian,ID,83642,43.61357,-116.407555,79651974,2000.0,2000.0,259.5238095238095,6540.0,109000.0,436000.0,2974.288581044989,545.0,158.95833333333331,100.0,100.0,160.0,100.0,4138.246914378322,836.0416666666667,-2138.246914378322,-23.54033300233015
"3308 W Zarea Dr, Meridian, ID 83642",549000,https://www.zillow.com/homedetails/3308-W-Zarea-Dr-Meridian-ID-83642/331267676_zpid/,4.0,3.0,2636,1,Active,FOR_SALE,,SINGLE_FAMILY,Meridian,ID,83642,43.55184,-116.43517,331267676,2000.0,2000.0,208.2701062215478,6588.0,109800.0,439200.0,2996.1182220067867,549.0,160.12499999999997,100.0,100.0,160.0,100.0,4165.243222006787,830.875,-2165.2432220067867,-23.66386034980095
"1459 W Julep St, Meridian, ID 83642",549990,https://www.zillow.com/homedetails/1459-W-Julep-St-Meridian-ID-83642/338344082_zpid/,4.0,2.0,2025,1,Active,FOR_SALE,,SINGLE_FAMILY,Meridian,ID,83642,43.573925,-116.41217,338344082,2000.0,2000.0,271.6,6599.88,109998.0,439992.0,3001.5210581448323,549.99,160.41374999999996,100.0,100.0,160.0,100.0,4171.924808144833,829.59625,-2171.924808144833,-23.694155982597863
"2079 S Border Way, Meridian, ID 83642",549990,https://www.zillow.com/homedetails/2079-S-Border-Way-Meridian-ID-83642/462300668_zpid/,4.0,2.0,2025,1,Active,FOR_SALE,,SINGLE_FAMILY,Meridian,ID,83642,43.58606,-116.42801,462300668,2000.0,2000.0,271.6,6599.88,109998.0,439992.0,3001.5210581448323,549.99,160.41374999999996,100.0,100.0,160.0,100.0,4171.924808144833,829.59625,-2171.924808144833,-23.694155982597863
"3785 W Piscina Dr, Meridian, ID 83642",549990,https://www.zillow.com/homedetails/3785-W-Piscina-Dr-Meridian-ID-83642/462148447_zpid/,4.0,3.0,2332,1,Active,FOR_SALE,,SINGLE_FAMILY,Meridian,ID,83642,43.556614,-116.440895,462148447,2000.0,2000.0,235.84476843910807,6599.88,109998.0,439992.0,3001.5210581448323,549.99,160.41374999999996,100.0,100.0,160.0,100.0,4171.924808144833,829.59625,-2171.924808144833,-23.694155982597863
"1428 W Elias Dr, Meridian, ID 83642",550000,https://www.zillow.com/homedetails/1428-W-Elias-Dr-Meridian-ID-83642/306077129_zpid/,3.0,2.0,1728,1,Active,FOR_SALE,,SINGLE_FAMILY,Meridian,ID,83642,43.58772,-116.41173,306077129,2000.0,2000.0,318.287037037037,6600.0,110000.0,440000.0,3001.5756322472366,550.0,160.41666666666666,100.0,100.0,160.0,100.0,4171.992298913903,829.5833333333335,-2171.992298913903,-23.694461442697126
"1986 E Griffon St, Meridian, ID 83642",559900,https://www.zillow.com/homedetails/1986-E-Griffon-St-Meridian-ID-83642/79706409_zpid/,4.0,2.0,1834,1,Coming Soon,FOR_SALE,,SINGLE_FAMILY,Meridian,ID,83642,43.584244,-116.3697,79706409,2000.0,2000.0,305.288985823337,6718.8,111980.0,447920.0,3055.6039936276866,559.9,163.30416666666665,100.0,100.0,160.0,100.0,4238.808160294353,816.7958333333333,-2238.808160294353,-23.991514487883762
"3363 Kalinga Ln, Meridian, ID 83642",559900,https://www.zillow.com/homedetails/3363-Kalinga-Ln-Meridian-ID-83642/339432622_zpid/,3.0,2.0,1660,1,Active,FOR_SALE,,SINGLE_FAMILY,Meridian,ID,83642,43.559692,-116.352104,339432622,2000.0,2000.0,337.28915662650604,6718.8,111980.0,447920.0,3055.6039936276866,559.9,163.30416666666665,100.0,100.0,160.0,100.0,4238.808160294353,816.7958333333333,-2238.808160294353,-23.991514487883762
"5315 S Memory Ave, Meridian, ID 83642",559990,https://www.zillow.com/homedetails/5315-S-Memory-Ave-Meridian-ID-83642/461621034_zpid/,4.0,2.0,2100,1,Active,FOR_SALE,,SINGLE_FAMILY,Meridian,ID,83642,43.556435,-116.43934,461621034,2000.0,2000.0,266.66190476190474,6719.88,111998.0,447992.0,3056.0951605493274,559.99,163.33041666666665,100.0,100.0,160.0,100.0,4239.415577215994,816.6795833333333,-2239.415577215994,-23.99416679457841
"3803 W Piscina Dr, Meridian, ID 83642",559990,https://www.zillow.com/homedetails/3803-W-Piscina-Dr-Meridian-ID-83642/462440615_zpid/,5.0,3.0,2530,1,Active,FOR_SALE,,SINGLE_FAMILY,Meridian,ID,83642,43.556736,-116.44113,462440615,2000.0,2000.0,221.3399209486166,6719.88,111998.0,447992.0,3056.0951605493274,559.99,163.33041666666665,100.0,100.0,160.0,100.0,4239.415577215994,816.6795833333333,-2239.415577215994,-23.99416679457841
"2662 W Jayton Dr, Meridian, ID 83642",565000,https://www.zillow.com/homedetails/2662-W-Jayton-Dr-Meridian-ID-83642/241993756_zpid/,5.0,3.0,2710,1,Active,FOR_SALE,,SINGLE_FAMILY,Meridian,ID,83642,43.611694,-116.426865,241993756,2000.0,2000.0,208.48708487084872,6780.0,113000.0,452000.0,3083.4367858539795,565.0,164.79166666666666,100.0,100.0,160.0,100.0,4273.228452520646,810.2083333333335,-2273.228452520646,-24.140479141812172
"3824 W Aspen Creek Ct, Meridian, ID 83642",569000,https://www.zillow.com/homedetails/3824-W-Aspen-Creek-Ct-Meridian-ID-83642/79645562_zpid/,3.0,2.0,1891,1,Active,FOR_SALE,,SINGLE_FAMILY,Meridian,ID,83642,43.61873,-116.44123,79645562,2000.0,2000.0,300.89899524061343,6828.0,113800.0,455200.0,3105.2664268157773,569.0,165.95833333333331,100.0,100.0,160.0,100.0,4300.224760149111,805.0416666666667,-2300.224760149111,-24.25544562547393
"5361 S Snowden Ave, Meridian, ID 83642",569000,https://www.zillow.com/homedetails/5361-S-Snowden-Ave-Meridian-ID-83642/339433330_zpid/,4.0,3.0,2535,1,Active,FOR_SALE,,SINGLE_FAMILY,Meridian,ID,83642,43.556072,-116.39324,339433330,2000.0,2000.0,224.45759368836292,6828.0,113800.0,455200.0,3105.2664268157773,569.0,165.95833333333331,100.0,100.0,160.0,100.0,4300.224760149111,805.0416666666667,-2300.224760149111,-24.25544562547393
"4687 W Blue Creek Ct, Meridian, ID 83642",569900,https://www.zillow.com/homedetails/4687-W-Blue-Creek-Ct-Meridian-ID-83642/79679062_zpid/,4.0,3.0,2855,1,Active,FOR_SALE,,SINGLE_FAMILY,Meridian,ID,83642,43.616688,-116.452286,79679062,2000.0,2000.0,199.61471103327494,6838.8,113980.0,455920.0,3110.178096032182,569.9,166.22083333333333,100.0,100.0,160.0,100.0,4306.2989293655155,803.8791666666666,-2306.2989293655155,-24.281090675895932
"6086 S Corsican Ave, Meridian, ID 83642",569900,https://www.zillow.com/homedetails/6086-S-Corsican-Ave-Meridian-ID-83642/339431609_zpid/,3.0,2.0,1900,1,Active,FOR_SALE,,SINGLE_FAMILY,Meridian,ID,83642,43.54946,-116.4291,339431609,2000.0,2000.0,299.94736842105266,6838.8,113980.0,455920.0,3110.178096032182,569.9,166.22083333333333,100.0,100.0,160.0,100.0,4306.2989293655155,803.8791666666666,-2306.2989293655155,-24.281090675895932
"5038 S Palatino Ln, Meridian, ID 83642",572500,https://www.zillow.com/homedetails/5038-S-Palatino-Ln-Meridian-ID-83642/339432603_zpid/,3.0,3.0,2160,1,Active,FOR_SALE,,SINGLE_FAMILY,Meridian,ID,83642,43.559166,-116.35336,339432603,2000.0,2000.0,265.0462962962963,6870.0,114500.0,458000.0,3124.367362657351,572.5,166.97916666666666,100.0,100.0,160.0,100.0,4323.846529324017,800.5208333333335,-2323.846529324017,-24.354723451430747
"5392 S Memory Pl, Meridian, ID 83642",579000,https://www.zillow.com/homedetails/5392-S-Memory-Pl-Meridian-ID-83642/441934958_zpid/,5.0,3.0,2710,1,Active,FOR_SALE,,SINGLE_FAMILY,Meridian,ID,83642,43.555813,-116.439026,441934958,2000.0,2000.0,213.6531365313653,6948.0,115800.0,463200.0,3159.8405292202724,579.0,168.87499999999997,100.0,100.0,160.0,100.0,4367.715529220272,792.125,-2367.7155292202724,-24.535912219899195
"3892 E Eisenhower Dr, Meridian, ID 83642",579000,https://www.zillow.com/homedetails/3892-E-Eisenhower-Dr-Meridian-ID-83642/79609369_zpid/,3.0,4.0,2526,1,Active,FOR_SALE,,SINGLE_FAMILY,Meridian,ID,83642,43.61353,-116.34596,79609369,2000.0,2000.0,229.21615201900238,6948.0,115800.0,463200.0,3159.8405292202724,579.0,168.87499999999997,100.0,100.0,160.0,100.0,4367.715529220272,792.125,-2367.7155292202724,-24.535912219899195
"1561 N Parkshire Way, Meridian, ID 83642",579700,https://www.zillow.com/homedetails/1561-N-Parkshire-Way-Meridian-ID-83642/338346827_zpid/,3.0,2.0,1881,1,Active,FOR_SALE,,SINGLE_FAMILY,Meridian,ID,83642,43.61875,-116.40172,338346827,2000.0,2000.0,308.187134502924,6956.400000000001,115940.0,463760.0,3163.6607163885874,579.7,169.07916666666665,100.0,100.0,160.0,100.0,4372.439883055254,791.2208333333333,-2372.4398830552536,-24.555182505315717
"717 W Lyra St, Meridian, ID 83642",584900,https://www.zillow.com/homedetails/717-W-Lyra-St-Meridian-ID-83642/2053517348_zpid/,4.0,3.0,2673,1,Active,FOR_SALE,,SINGLE_FAMILY,Meridian,ID,83642,43.564045,-116.40268,2053517348,2000.0,2000.0,218.81780770669658,7018.8,116980.0,467920.0,3192.039249638925,584.9,170.59583333333333,100.0,100.0,160.0,100.0,4407.535082972258,784.5041666666666,-2407.5350829722584,-24.696889208127114
"1196 W Pack River Dr, Meridian, ID 83642",584990,https://www.zillow.com/homedetails/1196-W-Pack-River-Dr-Meridian-ID-83642/455521408_zpid/,5.0,3.0,2317,1,Active,FOR_SALE,,SINGLE_FAMILY,Meridian,ID,83642,43.54442,-116.40888,455521408,2000.0,2000.0,252.4773413897281,7019.88,116998.0,467992.0,3192.5304165605653,584.99,170.6220833333333,100.0,100.0,160.0,100.0,4408.142499893898,784.3879166666666,-2408.1424998938983,-24.699319645401445
"8056 S Diamond River Ave, Meridian, ID 83642",587777,https://www.zillow.com/homedetails/8056-S-Diamond-River-Ave-Meridian-ID-83642/443084924_zpid/,3.0,3.0,2400,1,Active,FOR_SALE,,SINGLE_FAMILY,Meridian,ID,83642,43.53153,-116.40938,443084924,2000.0,2000.0,244.90708333333333,7053.3240000000005,117555.40000000001,470221.6,3207.7402189006975,587.777,171.4349583333333,100.0,100.0,160.0,100.0,4426.95217723403,780.7880416666667,-2426.9521772340304,-24.774213797756943
"6261 S Palatino Way, Meridian, ID 83642",594900,https://www.zillow.com/homedetails/6261-S-Palatino-Way-Meridian-ID-83642/336015765_zpid/,4.0,3.0,2419,1,Active,FOR_SALE,,SINGLE_FAMILY,Meridian,ID,83642,43.54785,-116.35383,336015765,2000.0,2000.0,245.92806945018603,7138.8,118980.0,475920.0,3246.61335204342,594.9,173.51249999999996,100.0,100.0,160.0,100.0,4475.02585204342,771.5875000000001,-2475.02585204342,-24.962439254093997
"6379 S Utmost Ln, Meridian, ID 83642",595000,https://www.zillow.com/homedetails/6379-S-Utmost-Ln-Meridian-ID-83642/351357899_zpid/,3.0,3.0,1902,1,Active,FOR_SALE,,SINGLE_FAMILY,Meridian,ID,83642,43.546806,-116.36416,351357899,2000.0,2000.0,312.8286014721346,7140.0,119000.0,476000.0,3247.159093067465,595.0,173.54166666666666,100.0,100.0,160.0,100.0,4475.700759734132,771.4583333333335,-2475.7007597341317,-24.965049677991242
"2688 W Forecast St, Meridian, ID 83642",599900,https://www.zillow.com/homedetails/2688-W-Forecast-St-Meridian-ID-83642/79630063_zpid/,5.0,4.0,2951,1,Active,FOR_SALE,,SINGLE_FAMILY,Meridian,ID,83642,43.615486,-116.42716,79630063,2000.0,2000.0,203.28702134869536,7198.8,119980.0,479920.0,3273.900403245668,599.9,174.9708333333333,100.0,100.0,160.0,100.0,4508.771236579001,765.1291666666666,-2508.771236579001,-25.091894348181377
"6347 S Utmost Ln, Meridian, ID 83642",599900,https://www.zillow.com/homedetails/6347-S-Utmost-Ln-Meridian-ID-83642/375022378_zpid/,3.0,3.0,2122,1,Active,FOR_SALE,,SINGLE_FAMILY,Meridian,ID,83642,43.547115,-116.36417,375022378,2000.0,2000.0,282.70499528746467,7198.8,119980.0,479920.0,3273.900403245668,599.9,174.9708333333333,100.0,100.0,160.0,100.0,4508.771236579001,765.1291666666666,-2508.771236579001,-25.091894348181377
"2710 W Gidran, Meridian, ID 83642",599900,https://www.zillow.com/homedetails/2710-W-Gidran-Meridian-ID-83642/460549199_zpid/,3.0,3.0,2084,1,Active,FOR_SALE,,SINGLE_FAMILY,Meridian,ID,83642,43.548676,-116.42744,460549199,2000.0,2000.0,287.8598848368522,7198.8,119980.0,479920.0,3273.900403245668,599.9,174.9708333333333,100.0,100.0,160.0,100.0,4508.771236579001,765.1291666666666,-2508.771236579001,-25.091894348181377
"4469 S Colditz Way, Meridian, ID 83642",599900,https://www.zillow.com/homedetails/4469-S-Colditz-Way-Meridian-ID-83642/441936711_zpid/,4.0,3.0,2760,1,Active,FOR_SALE,,SINGLE_FAMILY,Meridian,ID,83642,43.563995,-116.403336,441936711,2000.0,2000.0,217.35507246376812,7198.8,119980.0,479920.0,3273.900403245668,599.9,174.9708333333333,100.0,100.0,160.0,100.0,4508.771236579001,765.1291666666666,-2508.771236579001,-25.091894348181377
"1013 E Radiant Ridge Dr, Meridian, ID 83642",599900,https://www.zillow.com/homedetails/1013-E-Radiant-Ridge-Dr-Meridian-ID-83642/122257889_zpid/,3.0,2.0,1703,1,Active,FOR_SALE,,SINGLE_FAMILY,Meridian,ID,83642,43.567673,-116.38158,122257889,2000.0,2000.0,352.2607163828538,7198.8,119980.0,479920.0,3273.900403245668,599.9,174.9708333333333,100.0,100.0,160.0,100.0,4508.771236579001,765.1291666666666,-2508.771236579001,-25.091894348181377
"2709 W Gidran, Meridian, ID 83642",599900,https://www.zillow.com/homedetails/2709-W-Gidran-Meridian-ID-83642/461944505_zpid/,3.0,3.0,2084,1,Active,FOR_SALE,,SINGLE_FAMILY,Meridian,ID,83642,43.548313,-116.427444,461944505,2000.0,2000.0,287.8598848368522,7198.8,119980.0,479920.0,3273.900403245668,599.9,174.9708333333333,100.0,100.0,160.0,100.0,4508.771236579001,765.1291666666666,-2508.771236579001,-25.091894348181377
"4602 S Selatir Way, Meridian, ID 83642",610000,https://www.zillow.com/homedetails/4602-S-Selatir-Way-Meridian-ID-83642/2060260372_zpid/,3.0,2.0,1928,1,Active,FOR_SALE,,SINGLE_FAMILY,Meridian,ID,83642,43.56293,-116.339584,2060260372,2000.0,2000.0,316.3900414937759,7320.0,122000.0,488000.0,3329.020246674208,610.0,177.91666666666666,100.0,100.0,160.0,100.0,4576.9369133408745,752.0833333333335,-2576.9369133408745,-25.346920459090573
"2882 Groom Way, Meridian, ID 83642",615000,https://www.zillow.com/homedetails/2882-Groom-Way-Meridian-ID-83642/79656309_zpid/,4.0,3.0,2318,1,Active,FOR_SALE,,SINGLE_FAMILY,Meridian,ID,83642,43.578754,-116.34869,79656309,2000.0,2000.0,265.3149266609146,7380.0,123000.0,492000.0,3356.307297876456,615.0,179.375,100.0,100.0,160.0,100.0,4610.682297876456,745.625,-2610.682297876456,-25.47007119879469
"2126 S Weimaraner Way, Meridian, ID 83642",619000,https://www.zillow.com/homedetails/2126-S-Weimaraner-Way-Meridian-ID-83642/79626183_zpid/,4.0,2.0,2262,1,Active,FOR_SALE,,SINGLE_FAMILY,Meridian,ID,83642,43.585598,-116.379875,79626183,2000.0,2000.0,273.65163572060123,7428.0,123800.0,495200.0,3378.1369388382536,619.0,180.54166666666666,100.0,100.0,160.0,100.0,4637.678605504921,740.4583333333335,-2637.6786055049206,-25.56715934253558
"2135 S Border Way, Meridian, ID 83642",619990,https://www.zillow.com/homedetails/2135-S-Border-Way-Meridian-ID-83642/461387652_zpid/,5.0,3.0,2317,1,Active,FOR_SALE,,SINGLE_FAMILY,Meridian,ID,83642,43.58562,-116.42854,461387652,2000.0,2000.0,267.58308157099697,7439.88,123998.0,495992.0,3383.5397749762988,619.99,180.83041666666665,100.0,100.0,160.0,100.0,4644.360191642965,739.1795833333333,-2644.360191642965,-25.59099525775866
"806 E Escalation St, Meridian, ID 83642",624900,https://www.zillow.com/homedetails/806-E-Escalation-St-Meridian-ID-83642/461347262_zpid/,3.0,2.0,1960,1,Active,FOR_SALE,,SINGLE_FAMILY,Meridian,ID,83642,43.549316,-116.38383,461347262,2000.0,2000.0,318.8265306122449,7498.8,124980.0,499920.0,3410.3356592569057,624.9,182.26249999999996,100.0,100.0,160.0,100.0,4677.498159256906,732.8375000000001,-2677.4981592569056,-25.708095624166162
"4386 W Newland St, Meridian, ID 83642",624988,https://www.zillow.com/homedetails/4386-W-Newland-St-Meridian-ID-83642/83171360_zpid/,4.0,3.0,2622,1,Active,FOR_SALE,,SINGLE_FAMILY,Meridian,ID,83642,43.61066,-116.44832,83171360,2000.0,2000.0,238.36308161708618,7499.856,124997.6,499990.4,3410.8159113580655,624.9879999999999,182.28816666666663,100.0,100.0,160.0,100.0,4678.092078024732,732.7238333333335,-2678.0920780247316,-25.71017758444704
"4163 E Fratello St, Meridian, ID 83642",625000,https://www.zillow.com/homedetails/4163-E-Fratello-St-Meridian-ID-83642/338346897_zpid/,3.0,2.0,1982,1,Active,FOR_SALE,,SINGLE_FAMILY,Meridian,ID,83642,43.565025,-116.3423,338346897,2000.0,2000.0,315.3380423814329,7500.0,125000.0,500000.0,3410.8814002809504,625.0,182.29166666666666,100.0,100.0,160.0,100.0,4678.173066947617,732.7083333333335,-2678.1730669476174,-25.710461442697124
"6104 S Corsican Ave, Meridian, ID 83642",625000,https://www.zillow.com/homedetails/6104-S-Corsican-Ave-Meridian-ID-83642/339431610_zpid/,5.0,3.0,2897,1,Active,FOR_SALE,,SINGLE_FAMILY,Meridian,ID,83642,43.549236,-116.42901,339431610,2000.0,2000.0,215.74042112530205,7500.0,125000.0,500000.0,3410.8814002809504,625.0,182.29166666666666,100.0,100.0,160.0,100.0,4678.173066947617,732.7083333333335,-2678.1730669476174,-25.710461442697124
"2979 E Ragusa St, Meridian, ID 83642",629000,https://www.zillow.com/homedetails/2979-E-Ragusa-St-Meridian-ID-83642/83174606_zpid/,4.0,3.0,2459,1,Active,FOR_SALE,,SINGLE_FAMILY,Meridian,ID,83642,43.56696,-116.35717,83174606,2000.0,2000.0,255.79503863359088,7548.0,125800.0,503200.0,3432.7110412427487,629.0,183.45833333333334,100.0,100.0,160.0,100.0,4705.169374576082,727.5416666666665,-2705.169374576082,-25.804477340948317
"1940 E Phenomenal St, Meridian, ID 83642",629900,https://www.zillow.com/homedetails/1940-E-Phenomenal-St-Meridian-ID-83642/348196240_zpid/,3.0,2.0,1878,1,New,FOR_SALE,,SINGLE_FAMILY,Meridian,ID,83642,43.54842,-116.37016,348196240,2000.0,2000.0,335.4100106496273,7558.8,125980.0,503920.0,3437.6227104591535,629.9,183.7208333333333,100.0,100.0,160.0,100.0,4711.243543792487,726.3791666666666,-2711.243543792487,-25.825466364113225
"1011 W Riodosa Dr, Meridian, ID 83642",629900,https://www.zillow.com/homedetails/1011-W-Riodosa-Dr-Meridian-ID-83642/239900209_zpid/,4.0,3.0,2629,1,Active,FOR_SALE,,SINGLE_FAMILY,Meridian,ID,83642,43.57324,-116.40633,239900209,2000.0,2000.0,239.5968048687714,7558.8,125980.0,503920.0,3437.6227104591535,629.9,183.7208333333333,100.0,100.0,160.0,100.0,4711.243543792487,726.3791666666666,-2711.243543792487,-25.825466364113225
"1084 E Escalation St, Meridian, ID 83642",629900,https://www.zillow.com/homedetails/1084-E-Escalation-St-Meridian-ID-83642/461600738_zpid/,3.0,3.0,1897,1,Active,FOR_SALE,,SINGLE_FAMILY,Meridian,ID,83642,43.5493,-116.38037,461600738,2000.0,2000.0,332.0506062203479,7558.8,125980.0,503920.0,3437.6227104591535,629.9,183.7208333333333,100.0,100.0,160.0,100.0,4711.243543792487,726.3791666666666,-2711.243543792487,-25.825466364113225
"3043 S Slate Creek Way, Meridian, ID 83642",634900,https://www.zillow.com/homedetails/3043-S-Slate-Creek-Way-Meridian-ID-83642/79690859_zpid/,5.0,3.0,2528,1,Active,FOR_SALE,,SINGLE_FAMILY,Meridian,ID,83642,43.577316,-116.36146,79690859,2000.0,2000.0,251.14715189873417,7618.8,126980.0,507920.0,3464.909761661401,634.9,185.17916666666665,100.0,100.0,160.0,100.0,4744.988928328067,719.9208333333333,-2744.9889283280672,-25.940988454825014
"844 E Escalation St, Meridian, ID 83642",639900,https://www.zillow.com/homedetails/844-E-Escalation-St-Meridian-ID-83642/461600201_zpid/,3.0,3.0,1938,1,Active,FOR_SALE,,SINGLE_FAMILY,Meridian,ID,83642,43.549267,-116.382805,461600201,2000.0,2000.0,330.1857585139319,7678.8,127980.0,511920.0,3492.196812863648,639.9,186.63749999999996,100.0,100.0,160.0,100.0,4778.734312863648,713.4625000000001,-2778.7343128636476,-26.054705230789004
"4262 E Rincon Dr, Meridian, ID 83642",639990,https://www.zillow.com/homedetails/4262-E-Rincon-Dr-Meridian-ID-83642/462440614_zpid/,5.0,3.0,2530,1,Active,FOR_SALE,,SINGLE_FAMILY,Meridian,ID,83642,43.558098,-116.340225,462440614,2000.0,2000.0,252.9604743083004,7679.88,127998.0,511992.0,3492.687979785289,639.99,186.66374999999996,100.0,100.0,160.0,100.0,4779.341729785288,713.34625,-2779.3417297852884,-26.056735853234787
"1218 W Pack River Dr, Meridian, ID 83642",639990,https://www.zillow.com/homedetails/1218-W-Pack-River-Dr-Meridian-ID-83642/462148835_zpid/,5.0,3.0,2700,1,Active,FOR_SALE,,SINGLE_FAMILY,Meridian,ID,83642,43.544575,-116.40902,462148835,2000.0,2000.0,237.03333333333333,7679.88,127998.0,511992.0,3492.687979785289,639.99,186.66374999999996,100.0,100.0,160.0,100.0,4779.341729785288,713.34625,-2779.3417297852884,-26.056735853234787
"3780 W Amapola Dr, Meridian, ID 83642",647990,https://www.zillow.com/homedetails/3780-W-Amapola-Dr-Meridian-ID-83642/461139825_zpid/,4.0,3.0,3250,1,Active,FOR_SALE,,SINGLE_FAMILY,Meridian,ID,83642,43.55604,-116.44096,461139825,2000.0,2000.0,199.38153846153847,7775.88,129598.0,518392.0,3536.347261708885,647.99,188.9970833333333,100.0,100.0,160.0,100.0,4833.334345042219,703.0129166666666,-2833.334345042219,-26.234982129744772
"675 W Cedarburg Dr, Meridian, ID 83642",650000,https://www.zillow.com/homedetails/675-W-Cedarburg-Dr-Meridian-ID-83642/338343801_zpid/,4.0,3.0,2087,1,Active,FOR_SALE,,SINGLE_FAMILY,Meridian,ID,83642,43.616257,-116.4019,338343801,2000.0,2000.0,311.4518447532343,7800.0,130000.0,520000.0,3547.3166562921883,650.0,189.5833333333333,100.0,100.0,160.0,100.0,4846.899989625522,700.4166666666667,-2846.899989625522,-26.279076827312508
"Foxfire Plan, Skybreak",659800,https://www.zillow.com/community/skybreak/460957738_zpid/,4.0,2.0,2061,1,New construction,FOR_SALE,,SINGLE_FAMILY,Meridian,ID,83642,43.540447,-116.352776,460957738,2000.0,2000.0,320.13585638039785,7917.6,131960.0,527840.0,3600.7992766485936,659.8000000000001,192.44166666666663,100.0,100.0,160.0,100.0,4913.04094331526,687.7583333333332,-2913.04094331526,-26.490217732481902
"2829 Warlander, Meridian, ID 83642",659900,https://www.zillow.com/homedetails/2829-Warlander-Meridian-ID-83642/460228578_zpid/,5.0,3.0,2400,1,Active,FOR_SALE,,SINGLE_FAMILY,Meridian,ID,83642,43.54769,-116.4291,460228578,2000.0,2000.0,274.9583333333333,7918.8,131980.0,527920.0,3601.3450176726387,659.9,192.4708333333333,100.0,100.0,160.0,100.0,4913.715851005973,687.6291666666666,-2913.7158510059726,-26.492339909131434
"7033 S Zenith Ave, Meridian, ID 83642",664997,https://www.zillow.com/homedetails/7033-S-Zenith-Ave-Meridian-ID-83642/403165470_zpid/,4.0,3.0,2607,1,Active,FOR_SALE,,SINGLE_FAMILY,Meridian,ID,83642,43.540848,-116.3739,403165470,2000.0,2000.0,255.0813195243575,7979.964,132999.4,531997.6,3629.16143766821,664.997,193.9574583333333,100.0,100.0,160.0,100.0,4948.115896001544,681.0455416666668,-2948.1158960015437,-26.59966191728574
"3407 E Gisborne St, Meridian, ID 83642",684500,https://www.zillow.com/homedetails/3407-E-Gisborne-St-Meridian-ID-83642/306076588_zpid/,5.0,3.0,2531,1,Active,FOR_SALE,,SINGLE_FAMILY,Meridian,ID,83642,43.54846,-116.35184,306076588,2000.0,2000.0,270.4464638482813,8214.0,136900.0,547600.0,3735.597309587697,684.5,199.6458333333333,100.0,100.0,160.0,100.0,5079.74314292103,655.8541666666667,-3079.74314292103,-26.995557132982
"1156 W Switchgrass Dr, Meridian, ID 83642",689000,https://www.zillow.com/homedetails/1156-W-Switchgrass-Dr-Meridian-ID-83642/459696113_zpid/,4.0,3.0,2667,1,Active,FOR_SALE,,SINGLE_FAMILY,Meridian,ID,83642,43.52714,-116.40827,459696113,2000.0,2000.0,258.3427071616048,8268.0,137800.0,551200.0,3760.15565566972,689.0,200.9583333333333,100.0,100.0,160.0,100.0,5110.113989003053,650.0416666666667,-3110.1139890030527,-27.083721239504083
"904 E Escalation St, Meridian, ID 83642",689777,https://www.zillow.com/homedetails/904-E-Escalation-St-Meridian-ID-83642/462134729_zpid/,3.0,3.0,2122,1,Active,FOR_SALE,,SINGLE_FAMILY,Meridian,ID,83642,43.54932,-116.3825,462134729,2000.0,2000.0,325.059849198869,8277.324,137955.4,551821.6,3764.396063426549,689.777,201.1849583333333,100.0,100.0,160.0,100.0,5115.358021759883,649.0380416666667,-3115.358021759883,-27.0988277813834
"1064 W Cub River Dr, Meridian, ID 83642",689990,https://www.zillow.com/homedetails/1064-W-Cub-River-Dr-Meridian-ID-83642/462440760_zpid/,4.0,4.0,2870,1,Active,FOR_SALE,,SINGLE_FAMILY,Meridian,ID,83642,43.545956,-116.40698,462440760,2000.0,2000.0,240.41463414634146,8279.880000000001,137998.0,551992.0,3765.5584918077648,689.9900000000001,201.2470833333333,100.0,100.0,160.0,100.0,5116.795575141098,648.7629166666666,-3116.795575141098,-27.10296301518368
"959 E Crescendo St, Meridian, ID 83642",699777,https://www.zillow.com/homedetails/959-E-Crescendo-St-Meridian-ID-83642/461761827_zpid/,3.0,3.0,2114,1,Active,FOR_SALE,,SINGLE_FAMILY,Meridian,ID,83642,43.549732,-116.381935,461761827,2000.0,2000.0,331.02034058656574,8397.324,139955.4,559821.6,3818.970165831044,699.777,204.10162499999998,100.0,100.0,160.0,100.0,5182.848790831044,636.121375,-3182.8487908310444,-27.290254959774707
"849 E Crescendo St, Meridian, ID 83642",704900,https://www.zillow.com/homedetails/849-E-Crescendo-St-Meridian-ID-83642/462433566_zpid/,4.0,3.0,2485,1,Active,FOR_SALE,,SINGLE_FAMILY,Meridian,ID,83642,43.549763,-116.38326,462433566,2000.0,2000.0,283.6619718309859,8458.8,140980.0,563920.0,3846.9284784928673,704.9,205.5958333333333,100.0,100.0,160.0,100.0,5217.4243118262,629.5041666666666,-3217.4243118262,-27.38621913882423
"2296 E Valensole St, Meridian, ID 83642",709900,https://www.zillow.com/homedetails/2296-E-Valensole-St-Meridian-ID-83642/339432950_zpid/,4.0,3.0,2667,1,Active,FOR_SALE,,SINGLE_FAMILY,Meridian,ID,83642,43.5478,-116.36642,339432950,2000.0,2000.0,266.17922759655045,8518.8,141980.0,567920.0,3874.215529695115,709.9,207.05416666666665,100.0,100.0,160.0,100.0,5251.1696963617815,623.0458333333333,-3251.1696963617815,-27.478543707804885
"1122 N Roper Pl, Meridian, ID 83642",715000,https://www.zillow.com/homedetails/1122-N-Roper-Pl-Meridian-ID-83642/79627615_zpid/,4.0,3.0,2764,1,Active,FOR_SALE,,SINGLE_FAMILY,Meridian,ID,83642,43.61463,-116.42894,79627615,2000.0,2000.0,258.6830680173661,8580.0,143000.0,572000.0,3902.048321921408,715.0,208.54166666666663,100.0,100.0,160.0,100.0,5285.589988588074,616.4583333333335,-3285.5899885880744,-27.571384519620203
"4135 W Cherry Ln, Meridian, ID 83642",720000,https://www.zillow.com/homedetails/4135-W-Cherry-Ln-Meridian-ID-83642/79618290_zpid/,,,,1,Active,FOR_SALE,,LOT,Meridian,ID,83642,43.619076,-116.44512,79618290,2000.0,2000.0,,8640.0,144000.0,576000.0,3929.335373123655,720.0,209.99999999999997,100.0,100.0,160.0,100.0,5319.335373123655,610.0,-3319.335373123655,-27.66112810936379
"934 E Escalation St, Meridian, ID 83642",724777,https://www.zillow.com/homedetails/934-E-Escalation-St-Meridian-ID-83642/461554012_zpid/,4.0,3.0,2707,1,Active,FOR_SALE,,SINGLE_FAMILY,Meridian,ID,83642,43.548862,-116.38204,461554012,2000.0,2000.0,267.7417805688955,8697.324,144955.4,579821.6,3955.4054218422825,724.777,211.39329166666664,100.0,100.0,160.0,100.0,5351.575713508949,603.8297083333332,-3351.575713508949,-27.74571251716555
"3488 E Englehart Dr, Meridian, ID 83642",727000,https://www.zillow.com/homedetails/3488-E-Englehart-Dr-Meridian-ID-83642/462314393_zpid/,4.0,3.0,2237,1,Active,FOR_SALE,,SINGLE_FAMILY,Meridian,ID,83642,43.540432,-116.350815,462314393,2000.0,2000.0,324.98882431828343,8724.0,145400.0,581600.0,3967.537244806802,727.0,212.04166666666663,100.0,100.0,160.0,100.0,5366.578911473469,600.9583333333335,-3366.578911473469,-27.784695280386263
"3298 S Cobble Pl, Meridian, ID 83642",729900,https://www.zillow.com/homedetails/3298-S-Cobble-Pl-Meridian-ID-83642/249556320_zpid/,3.0,3.0,2209,1,Active,FOR_SALE,,SINGLE_FAMILY,Meridian,ID,83642,43.574657,-116.40792,249556320,2000.0,2000.0,330.4210049796288,8758.800000000001,145980.0,583920.0,3983.363734504105,729.9000000000001,212.88749999999996,100.0,100.0,160.0,100.0,5386.151234504106,597.2125000000001,-3386.1512345041056,-27.835193049766595
"6098 Palatino Way, Meridian, ID 83642",734000,https://www.zillow.com/homedetails/6098-Palatino-Way-Meridian-ID-83642/446308815_zpid/,5.0,3.0,2976,1,Active,FOR_SALE,,SINGLE_FAMILY,Meridian,ID,83642,43.549313,-116.35321,446308815,2000.0,2000.0,246.63978494623655,8808.0,146800.0,587200.0,4005.739116489948,734.0,214.0833333333333,100.0,100.0,160.0,100.0,5413.822449823281,591.9166666666667,-3413.822449823281,-27.905905584386492
"2935 E Renwick Ct, Meridian, ID 83642",735000,https://www.zillow.com/homedetails/2935-E-Renwick-Ct-Meridian-ID-83642/306076785_zpid/,3.0,3.0,2360,1,Active,FOR_SALE,,SINGLE_FAMILY,Meridian,ID,83642,43.552055,-116.357765,306076785,2000.0,2000.0,311.4406779661017,8820.0,147000.0,588000.0,4011.1965267303976,735.0,214.37499999999997,100.0,100.0,160.0,100.0,5420.571526730398,590.625,-3420.5715267303976,-27.923032871268553
"The Owyhee RV Craftsman Plan, Caspian",744900,https://www.zillow.com/community/caspian/462449297_zpid/,5.0,3.0,2994,1,New construction,FOR_SALE,,SINGLE_FAMILY,Meridian,ID,83642,43.548054,-116.42801,462449297,2000.0,2000.0,248.79759519038078,8938.800000000001,148980.0,595920.0,4065.224888110848,744.9000000000001,217.26249999999996,100.0,100.0,160.0,100.0,5487.3873881108475,577.8375000000001,-3487.3873881108475,-28.09011186557267
"3384 S Cobble Pl, Meridian, ID 83642",749500,https://www.zillow.com/homedetails/3384-S-Cobble-Pl-Meridian-ID-83642/249556285_zpid/,3.0,3.0,2539,1,Active,FOR_SALE,,SINGLE_FAMILY,Meridian,ID,83642,43.5738,-116.407814,249556285,2000.0,2000.0,295.1949586451359,8994.0,149900.0,599600.0,4090.328975216916,749.5,218.60416666666663,100.0,100.0,160.0,100.0,5518.433141883584,571.8958333333335,-3518.4331418835836,-28.16624263015544
"3297 E Englehart Dr, Meridian, ID 83642",749800,https://www.zillow.com/homedetails/3297-E-Englehart-Dr-Meridian-ID-83642/459185783_zpid/,4.0,3.0,2170,1,Active,FOR_SALE,,SINGLE_FAMILY,Meridian,ID,83642,43.540432,-116.35331,459185783,2000.0,2000.0,345.5299539170507,8997.6,149960.0,599840.0,4091.9661982890507,749.8000000000001,218.69166666666663,100.0,100.0,160.0,100.0,5520.457864955717,571.5083333333332,-3520.457864955717,-28.17117523304121
"5643 S Snowden Ave, Meridian, ID 83642",749900,https://www.zillow.com/homedetails/5643-S-Snowden-Ave-Meridian-ID-83642/459185635_zpid/,3.0,3.0,2300,1,Active,FOR_SALE,,SINGLE_FAMILY,Meridian,ID,83642,43.553204,-116.39331,459185635,2000.0,2000.0,326.04347826086956,8998.800000000001,149980.0,599920.0,4092.511939313096,749.9000000000001,218.7208333333333,100.0,100.0,160.0,100.0,5521.13277264643,571.3791666666666,-3521.1327726464297,-28.172818556979035
"2016 E Mainacht St, Meridian, ID 83642",749900,https://www.zillow.com/homedetails/2016-E-Mainacht-St-Meridian-ID-83642/441936841_zpid/,3.0,3.0,1940,1,Active,FOR_SALE,,SINGLE_FAMILY,Meridian,ID,83642,43.549183,-116.36911,441936841,2000.0,2000.0,386.54639175257734,8998.800000000001,149980.0,599920.0,4092.511939313096,749.9000000000001,218.7208333333333,100.0,100.0,160.0,100.0,5521.13277264643,571.3791666666666,-3521.1327726464297,-28.172818556979035
"1168 W Karluk River Dr, Meridian, ID 83642",749995,https://www.zillow.com/homedetails/1168-W-Karluk-River-Dr-Meridian-ID-83642/124754524_zpid/,4.0,3.0,2921,1,Active,FOR_SALE,,SINGLE_FAMILY,Meridian,ID,83642,43.581165,-116.40823,124754524,2000.0,2000.0,256.75967134542964,8999.94,149999.0,599996.0,4093.0303932859383,749.995,218.74854166666663,100.0,100.0,160.0,100.0,5521.7739349526055,571.2564583333333,-3521.7739349526055,-28.17437930881624
"3542 Capulet Way, Meridian, ID 83642",750000,https://www.zillow.com/homedetails/3542-Capulet-Way-Meridian-ID-83642/447666664_zpid/,5.0,3.0,3077,1,Active,FOR_SALE,,SINGLE_FAMILY,Meridian,ID,83642,43.572952,-116.36033,447666664,2000.0,2000.0,243.74390640233995,9000.0,150000.0,600000.0,4093.0576803371405,750.0,218.74999999999997,100.0,100.0,160.0,100.0,5521.8076803371405,571.25,-3521.8076803371405,-28.174461442697122
"3816 E Fratello St, Meridian, ID 83642",759900,https://www.zillow.com/homedetails/3816-E-Fratello-St-Meridian-ID-83642/331266834_zpid/,3.0,3.0,2571,1,Active,FOR_SALE,,SINGLE_FAMILY,Meridian,ID,83642,43.565453,-116.346756,331266834,2000.0,2000.0,295.5659276546091,9118.800000000001,151980.0,607920.0,4147.086041717591,759.9000000000001,221.63749999999996,100.0,100.0,160.0,100.0,5588.623541717591,558.4625000000001,-3588.6235417175913,-28.334966772345766
"1112 E Wrightwood Dr, Meridian, ID 83642",759900,https://www.zillow.com/homedetails/1112-E-Wrightwood-Dr-Meridian-ID-83642/122145813_zpid/,4.0,3.0,2766,1,Active,FOR_SALE,,SINGLE_FAMILY,Meridian,ID,83642,43.566425,-116.38046,122145813,2000.0,2000.0,274.7288503253796,9118.800000000001,151980.0,607920.0,4147.086041717591,759.9000000000001,221.63749999999996,100.0,100.0,160.0,100.0,5588.623541717591,558.4625000000001,-3588.6235417175913,-28.334966772345766
"2482 E Taormina Dr, Meridian, ID 83642",774900,https://www.zillow.com/homedetails/2482-E-Taormina-Dr-Meridian-ID-83642/124029254_zpid/,5.0,4.0,3015,1,Active,FOR_SALE,,SINGLE_FAMILY,Meridian,ID,83642,43.563427,-116.36324,124029254,2000.0,2000.0,257.0149253731343,9298.800000000001,154980.0,619920.0,4228.947195324334,774.9000000000001,226.01249999999996,100.0,100.0,160.0,100.0,5689.859695324333,539.0875000000001,-3689.859695324333,-28.57034220150471
"2892 E Lawton Dr, Meridian, ID 83642",774900,https://www.zillow.com/homedetails/2892-E-Lawton-Dr-Meridian-ID-83642/306076905_zpid/,3.0,3.0,2617,1,Active,FOR_SALE,,SINGLE_FAMILY,Meridian,ID,83642,43.55339,-116.35832,306076905,2000.0,2000.0,296.102407336645,9298.800000000001,154980.0,619920.0,4228.947195324334,774.9000000000001,226.01249999999996,100.0,100.0,160.0,100.0,5689.859695324333,539.0875000000001,-3689.859695324333,-28.57034220150471
"3106 E Lawton Dr, Meridian, ID 83642",779900,https://www.zillow.com/homedetails/3106-E-Lawton-Dr-Meridian-ID-83642/2056781944_zpid/,4.0,3.0,2669,1,Active,FOR_SALE,,SINGLE_FAMILY,Meridian,ID,83642,43.55315,-116.35591,2056781944,2000.0,2000.0,292.2068190333458,9358.800000000001,155980.0,623920.0,4256.234246526581,779.9000000000001,227.4708333333333,100.0,100.0,160.0,100.0,5723.6050798599135,532.6291666666666,-3723.6050798599135,-28.646788664135762
"4306 S Dazzle Ave, Meridian, ID 83642",789900,https://www.zillow.com/homedetails/4306-S-Dazzle-Ave-Meridian-ID-83642/122259592_zpid/,4.0,3.0,2700,1,Active,FOR_SALE,,SINGLE_FAMILY,Meridian,ID,83642,43.56549,-116.37662,122259592,2000.0,2000.0,292.55555555555554,9478.800000000001,157980.0,631920.0,4310.808348931077,789.9000000000001,230.38749999999996,100.0,100.0,160.0,100.0,5791.095848931077,519.7125000000001,-3791.095848931077,-28.796778191652695
"1289 W Christopher Dr, Meridian, ID 83642",795000,https://www.zillow.com/homedetails/1289-W-Christopher-Dr-Meridian-ID-83642/124755158_zpid/,6.0,5.0,3051,1,Active,FOR_SALE,,SINGLE_FAMILY,Meridian,ID,83642,43.584335,-116.40962,124755158,2000.0,2000.0,260.57030481809244,9540.0,159000.0,636000.0,4338.641141157369,795.0,231.87499999999997,100.0,100.0,160.0,100.0,5825.516141157369,513.125,-3825.516141157369,-28.871819933263165
"3882 S Arno Ave, Meridian, ID 83642",799900,https://www.zillow.com/homedetails/3882-S-Arno-Ave-Meridian-ID-83642/79595984_zpid/,4.0,3.0,3159,1,Active,FOR_SALE,,SINGLE_FAMILY,Meridian,ID,83642,43.56928,-116.373436,79595984,2000.0,2000.0,253.213042101931,9598.800000000001,159980.0,639920.0,4365.382451335572,799.9000000000001,233.30416666666665,100.0,100.0,160.0,100.0,5858.5866180022385,506.79583333333335,-3858.5866180022385,-28.943017512205817
"4731 S Abbot Way, Meridian, ID 83642",799990,https://www.zillow.com/homedetails/4731-S-Abbot-Way-Meridian-ID-83642/336013707_zpid/,4.0,3.0,2745,1,Active,FOR_SALE,,SINGLE_FAMILY,Meridian,ID,83642,43.561516,-116.36322,336013707,2000.0,2000.0,291.43533697632057,9599.880000000001,159998.0,639992.0,4365.873618257212,799.9900000000001,233.33041666666665,100.0,100.0,160.0,100.0,5859.1940349238785,506.6795833333333,-3859.1940349238785,-28.94431706589241
"1026 E Crescendo St, Meridian, ID 83642",814500,https://www.zillow.com/homedetails/1026-E-Crescendo-St-Meridian-ID-83642/456986595_zpid/,4.0,4.0,3020,1,Active,FOR_SALE,,SINGLE_FAMILY,Meridian,ID,83642,43.550064,-116.38097,456986595,2000.0,2000.0,269.70198675496687,9774.0,162900.0,651600.0,4445.060640846134,814.5,237.56249999999997,100.0,100.0,160.0,100.0,5957.123140846134,487.9375,-3957.1231408461344,-29.150078385606882
"3528 E Rockhampton St, Meridian, ID 83642",815000,https://www.zillow.com/homedetails/3528-E-Rockhampton-St-Meridian-ID-83642/246647228_zpid/,4.0,3.0,3242,1,Active,FOR_SALE,,SINGLE_FAMILY,Meridian,ID,83642,43.557316,-116.350365,246647228,2000.0,2000.0,251.3880320789636,9780.0,163000.0,652000.0,4447.78934596636,815.0,237.7083333333333,100.0,100.0,160.0,100.0,5960.497679299693,487.29166666666674,-3960.497679299693,-29.15703812981369
"3483 S Grenze Way, Meridian, ID 83642",820000,https://www.zillow.com/homedetails/3483-S-Grenze-Way-Meridian-ID-83642/331268140_zpid/,4.0,3.0,2906,1,Active,FOR_SALE,,SINGLE_FAMILY,Meridian,ID,83642,43.573147,-116.40072,331268140,2000.0,2000.0,282.17481073640744,9840.0,164000.0,656000.0,4475.076397168607,820.0,239.16666666666663,100.0,100.0,160.0,100.0,5994.243063835274,480.8333333333335,-3994.2430638352744,-29.2261687597703
"3873 E Mardia St, Meridian, ID 83642",824777,https://www.zillow.com/homedetails/3873-E-Mardia-St-Meridian-ID-83642/336014431_zpid/,3.0,3.0,2560,1,Active,FOR_SALE,,SINGLE_FAMILY,Meridian,ID,83642,43.550392,-116.346016,336014431,2000.0,2000.0,322.178515625,9897.324,164955.40000000002,659821.6,4501.146445887234,824.777,240.5599583333333,100.0,100.0,160.0,100.0,6026.4834042205675,474.6630416666667,-4026.4834042205675,-29.29143323022272
"Shadow Creek Plan, Oakwood Estates",830000,https://www.zillow.com/community/oakwood-estates/459867140_zpid/,3.0,3.0,2803,1,New construction,FOR_SALE,,SINGLE_FAMILY,Meridian,ID,83642,43.571537,-116.403824,459867140,2000.0,2000.0,296.11130931145203,9960.0,166000.0,664000.0,4529.650499573103,830.0,242.0833333333333,100.0,100.0,160.0,100.0,6061.733832906436,467.91666666666674,-4061.733832906436,-29.361931322215195
"5929 S Pioneer Trail Way, Meridian, ID 83642",839900,https://www.zillow.com/homedetails/5929-S-Pioneer-Trail-Way-Meridian-ID-83642/2061916775_zpid/,4.0,3.0,2925,1,Active,FOR_SALE,,SINGLE_FAMILY,Meridian,ID,83642,43.550514,-116.35965,2061916775,2000.0,2000.0,287.14529914529913,10078.800000000001,167980.0,671920.0,4583.678860953553,839.9000000000001,244.9708333333333,100.0,100.0,160.0,100.0,6128.549694286887,455.1291666666666,-4128.549694286887,-29.49315176297335
"5576 S Rosalia Way, Meridian, ID 83642",839900,https://www.zillow.com/homedetails/5576-S-Rosalia-Way-Meridian-ID-83642/338345678_zpid/,5.0,4.0,3380,1,Active,FOR_SALE,,SINGLE_FAMILY,Meridian,ID,83642,43.55423,-116.35603,338345678,2000.0,2000.0,248.49112426035504,10078.800000000001,167980.0,671920.0,4583.678860953553,839.9000000000001,244.9708333333333,100.0,100.0,160.0,100.0,6128.549694286887,455.1291666666666,-4128.549694286887,-29.49315176297335
"6121 S Cubola Way, Meridian, ID 83642",848900,https://www.zillow.com/homedetails/6121-S-Cubola-Way-Meridian-ID-83642/2063180636_zpid/,4.0,3.0,2938,1,Active,FOR_SALE,,SINGLE_FAMILY,Meridian,ID,83642,43.54851,-116.35668,2063180636,2000.0,2000.0,288.9380530973451,10186.800000000001,169780.0,679120.0,4632.7955531175985,848.9000000000001,247.5958333333333,100.0,100.0,160.0,100.0,6189.291386450932,443.5041666666666,-4189.291386450932,-29.60978715832912
"641 E Crest Ridge Dr, Meridian, ID 83642",850000,https://www.zillow.com/homedetails/641-E-Crest-Ridge-Dr-Meridian-ID-83642/246647619_zpid/,5.0,3.0,3030,1,Active,FOR_SALE,,SINGLE_FAMILY,Meridian,ID,83642,43.565796,-116.38628,246647619,2000.0,2000.0,280.52805280528054,10200.0,170000.0,680000.0,4638.798704382093,850.0,247.91666666666663,100.0,100.0,160.0,100.0,6196.71537104876,442.0833333333335,-4196.71537104876,-29.62387320740301
"5562 S Zaivcla Ave, Meridian, ID 83642",854500,https://www.zillow.com/homedetails/5562-S-Zaivcla-Ave-Meridian-ID-83642/338343522_zpid/,4.0,4.0,3380,1,Active,FOR_SALE,,SINGLE_FAMILY,Meridian,ID,83642,43.554363,-116.35503,338343522,2000.0,2000.0,252.81065088757396,10254.0,170900.0,683600.0,4663.357050464116,854.5,249.22916666666663,100.0,100.0,160.0,100.0,6227.086217130783,436.2708333333335,-4227.086217130783,-29.681120307530367
"Sherwood RV Plan, Oakwood Estates",869000,https://www.zillow.com/community/oakwood-estates/446645001_zpid/,4.0,4.0,2808,1,New construction,FOR_SALE,,SINGLE_FAMILY,Meridian,ID,83642,43.571537,-116.403824,446645001,2000.0,2000.0,309.47293447293447,10428.0,173800.0,695200.0,4742.489498950634,869.0,253.4583333333333,100.0,100.0,160.0,100.0,6324.947832283967,417.54166666666674,-4324.947832283967,-29.861550050292056
"2888 E Mardia St, Meridian, ID 83642",869700,https://www.zillow.com/homedetails/2888-E-Mardia-St-Meridian-ID-83642/461317521_zpid/,3.0,3.0,2856,1,Active,FOR_SALE,,SINGLE_FAMILY,Meridian,ID,83642,43.55091,-116.35562,461317521,2000.0,2000.0,304.51680672268907,10436.4,173940.0,695760.0,4746.309686118949,869.6999999999999,253.6625,100.0,100.0,160.0,100.0,6329.672186118949,416.63750000000005,-4329.672186118949,-29.870108217447044
"857 W Scoria Ct, Meridian, ID 83642",869900,https://www.zillow.com/homedetails/857-W-Scoria-Ct-Meridian-ID-83642/461679457_zpid/,4.0,3.0,2242,1,Active,FOR_SALE,,SINGLE_FAMILY,Meridian,ID,83642,43.579674,-116.404045,461679457,2000.0,2000.0,388.00178412132027,10438.800000000001,173980.0,695920.0,4747.401168167039,869.9000000000001,253.7208333333333,100.0,100.0,160.0,100.0,6331.022001500372,416.3791666666666,-4331.022001500372,-29.872550878264438
"4601 E Copper Point Dr, Meridian, ID 83642",869999,https://www.zillow.com/homedetails/4601-E-Copper-Point-Dr-Meridian-ID-83642/338344712_zpid/,3.0,3.0,2533,1,Active,FOR_SALE,,SINGLE_FAMILY,Meridian,ID,83642,43.582706,-116.33679,338344712,2000.0,2000.0,343.46585076983814,10439.988,173999.80000000002,695999.2,4747.941451780842,869.9989999999999,253.7497083333333,100.0,100.0,160.0,100.0,6331.690160114175,416.2512916666667,-4331.690160114175,-29.873759579821414
"6112 S Phoebe Pl, Meridian, ID 83642",870000,https://www.zillow.com/homedetails/6112-S-Phoebe-Pl-Meridian-ID-83642/339433733_zpid/,3.0,3.0,3069,1,Active,FOR_SALE,,SINGLE_FAMILY,Meridian,ID,83642,43.549145,-116.35729,339433733,2000.0,2000.0,283.47996089931576,10440.0,174000.0,696000.0,4747.946909191083,870.0,253.74999999999997,100.0,100.0,160.0,100.0,6331.696909191083,416.25,-4331.696909191083,-29.87377178752471
"719 W Oak Springs Dr, Meridian, ID 83642",874880,https://www.zillow.com/homedetails/719-W-Oak-Springs-Dr-Meridian-ID-83642/461919778_zpid/,4.0,3.0,2527,1,Active,FOR_SALE,,SINGLE_FAMILY,Meridian,ID,83642,43.568607,-116.4028,461919778,2000.0,2000.0,346.21290067273446,10498.56,174976.0,699904.0,4774.579071164477,874.88,255.1733333333333,100.0,100.0,160.0,100.0,6364.63240449781,409.9466666666667,-4364.63240449781,-29.93301301548425
"2653 E Cavern Dr, Meridian, ID 83642",874900,https://www.zillow.com/homedetails/2653-E-Cavern-Dr-Meridian-ID-83642/461813601_zpid/,3.0,4.0,2868,1,Active,FOR_SALE,,SINGLE_FAMILY,Meridian,ID,83642,43.542355,-116.361244,461813601,2000.0,2000.0,305.0557880055788,10498.800000000001,174980.0,699920.0,4774.688219369285,874.9000000000001,255.17916666666665,100.0,100.0,160.0,100.0,6364.767386035952,409.92083333333335,-4364.767386035952,-29.93325444761197
"3771 W Silver Terrace Rd, Meridian, ID 83642",879000,https://www.zillow.com/homedetails/3771-W-Silver-Terrace-Rd-Meridian-ID-83642/79621798_zpid/,3.0,2.0,1966,1,Active,FOR_SALE,,SINGLE_FAMILY,Meridian,ID,83642,43.591415,-116.4406,79621798,2000.0,2000.0,447.10071210579855,10548.0,175800.0,703200.0,4797.063601355129,879.0,256.37499999999994,100.0,100.0,160.0,100.0,6392.438601355129,404.625,-4392.438601355129,-29.98251605020566
"6789 E Messner Way, Meridian, ID 83642",889900,https://www.zillow.com/homedetails/6789-E-Messner-Way-Meridian-ID-83642/461525504_zpid/,4.0,4.0,3150,1,Active,FOR_SALE,,SINGLE_FAMILY,Meridian,ID,83642,43.542942,-116.36162,461525504,2000.0,2000.0,282.5079365079365,10678.800000000001,177980.0,711920.0,4856.549372976028,889.9000000000001,259.5541666666666,100.0,100.0,160.0,100.0,6466.003539642696,390.54583333333335,-4466.003539642696,-30.111272320323828
"2864 E Mardia St, Meridian, ID 83642",893400,https://www.zillow.com/homedetails/2864-E-Mardia-St-Meridian-ID-83642/461310661_zpid/,5.0,4.0,3074,1,Active,FOR_SALE,,SINGLE_FAMILY,Meridian,ID,83642,43.55085,-116.35567,461310661,2000.0,2000.0,290.63109954456735,10720.800000000001,178680.0,714720.0,4875.650308817601,893.4000000000001,260.575,100.0,100.0,160.0,100.0,6489.625308817601,386.02499999999986,-4489.625308817601,-30.15194968984285
"5562 S Astoria Ave, Meridian, ID 83642",894900,https://www.zillow.com/homedetails/5562-S-Astoria-Ave-Meridian-ID-83642/249555352_zpid/,4.0,4.0,3207,1,Active,FOR_SALE,,SINGLE_FAMILY,Meridian,ID,83642,43.55429,-116.344696,249555352,2000.0,2000.0,279.0458372310571,10738.800000000001,178980.0,715920.0,4883.836424178276,894.9000000000001,261.0125,100.0,100.0,160.0,100.0,6499.748924178276,384.08749999999986,-4499.748924178276,-30.16928544537899
"4447 E Copper Point Dr, Meridian, ID 83642",897500,https://www.zillow.com/homedetails/4447-E-Copper-Point-Dr-Meridian-ID-83642/336014826_zpid/,4.0,3.0,2446,1,Active,FOR_SALE,,SINGLE_FAMILY,Meridian,ID,83642,43.582733,-116.338745,336014826,2000.0,2000.0,366.9255928045789,10770.0,179500.0,718000.0,4898.025690803445,897.5,261.7708333333333,100.0,100.0,160.0,100.0,6517.296524136778,380.72916666666674,-4517.296524136778,-30.19919681874169
"2377 S Aburge Ave, Meridian, ID 83642",898000,https://www.zillow.com/homedetails/2377-S-Aburge-Ave-Meridian-ID-83642/336014823_zpid/,3.0,3.0,2560,1,Active,FOR_SALE,,SINGLE_FAMILY,Meridian,ID,83642,43.583282,-116.33956,336014823,2000.0,2000.0,350.78125,10776.0,179600.0,718400.0,4900.754395923669,898.0,261.91666666666663,100.0,100.0,160.0,100.0,6520.671062590336,380.0833333333335,-4520.671062590336,-30.204929148710484
"509 E Pisa Dr, Meridian, ID 83642",899000,https://www.zillow.com/homedetails/509-E-Pisa-Dr-Meridian-ID-83642/331268633_zpid/,3.0,3.0,2809,1,Active,FOR_SALE,,SINGLE_FAMILY,Meridian,ID,83642,43.568592,-116.38774,331268633,2000.0,2000.0,320.0427198291207,10788.0,179800.0,719200.0,4906.2118061641195,899.0,262.2083333333333,100.0,100.0,160.0,100.0,6527.4201394974525,378.79166666666674,-4527.4201394974525,-30.21637467962705
"3758 S Merrivale Way, Meridian, ID 83642",899900,https://www.zillow.com/homedetails/3758-S-Merrivale-Way-Meridian-ID-83642/83165063_zpid/,4.0,4.0,3338,1,Active,FOR_SALE,,SINGLE_FAMILY,Meridian,ID,83642,43.57088,-116.34998,83165063,2000.0,2000.0,269.59257040143797,10798.800000000001,179980.0,719920.0,4911.123475380524,899.9000000000001,262.4708333333333,100.0,100.0,160.0,100.0,6533.494308713856,377.6291666666666,-4533.494308713856,-30.226653908526657
"2545 E Cavern Dr, Meridian, ID 83642",899900,https://www.zillow.com/homedetails/2545-E-Cavern-Dr-Meridian-ID-83642/460318028_zpid/,4.0,4.0,3150,1,Active,FOR_SALE,,SINGLE_FAMILY,Meridian,ID,83642,43.541935,-116.36279,460318028,2000.0,2000.0,285.6825396825397,10798.800000000001,179980.0,719920.0,4911.123475380524,899.9000000000001,262.4708333333333,100.0,100.0,160.0,100.0,6533.494308713856,377.6291666666666,-4533.494308713856,-30.226653908526657
"1090 E Crescendo St, Meridian, ID 83642",924777,https://www.zillow.com/homedetails/1090-E-Crescendo-St-Meridian-ID-83642/458486110_zpid/,4.0,4.0,3035,1,Active,FOR_SALE,,SINGLE_FAMILY,Meridian,ID,83642,43.55015,-116.38013,458486110,2000.0,2000.0,304.70411861614497,11097.324,184955.40000000002,739821.6,5046.887469932187,924.777,269.72662499999996,100.0,100.0,160.0,100.0,6701.391094932187,345.49637499999994,-4701.391094932187,-30.502863468266533
"3389 S Lyford Ave, Meridian, ID 83642",924900,https://www.zillow.com/homedetails/3389-S-Lyford-Ave-Meridian-ID-83642/122258667_zpid/,6.0,4.0,3846,1,Active,FOR_SALE,,SINGLE_FAMILY,Meridian,ID,83642,43.574036,-116.349815,122258667,2000.0,2000.0,240.48361934477379,11098.800000000001,184980.0,739920.0,5047.558731391762,924.9000000000001,269.7625,100.0,100.0,160.0,100.0,6702.221231391762,345.33749999999986,-4702.221231391762,-30.504192224403255
"3106 E Mores Trl, Saint Meridian, ID 83642",925000,https://www.zillow.com/homedetails/3106-E-Mores-Trl-Saint-Meridian-ID-83642/456985292_zpid/,4.0,4.0,3696,1,New,FOR_SALE,,SINGLE_FAMILY,Saint Meridian,ID,83642,43.55461,-116.35585,456985292,2000.0,2000.0,250.27056277056278,11100.0,185000.0,740000.0,5048.104472415806,925.0,269.79166666666663,100.0,100.0,160.0,100.0,6702.896139082473,345.2083333333335,-4702.896139082473,-30.505272253507936
"4148 E Copper Point Dr, Meridian, ID 83642",925000,https://www.zillow.com/homedetails/4148-E-Copper-Point-Dr-Meridian-ID-83642/306076605_zpid/,4.0,3.0,2533,1,Price Change,FOR_SALE,,SINGLE_FAMILY,Meridian,ID,83642,43.583374,-116.34245,306076605,2000.0,2000.0,365.1796288985393,11100.0,185000.0,740000.0,5048.104472415806,925.0,269.79166666666663,100.0,100.0,160.0,100.0,6702.896139082473,345.2083333333335,-4702.896139082473,-30.505272253507936
"2752 E Sawtelle Peak, Meridian, ID 83642",929000,https://www.zillow.com/homedetails/2752-E-Sawtelle-Peak-Meridian-ID-83642/456980440_zpid/,7.0,5.0,3678,1,Active,FOR_SALE,,SINGLE_FAMILY,Meridian,ID,83642,43.55824,-116.36042,456980440,2000.0,2000.0,252.58292550299075,11148.0,185800.0,743200.0,5069.934113377605,929.0,270.9583333333333,100.0,100.0,160.0,100.0,6729.892446710938,340.04166666666674,-4729.892446710938,-30.548282755937166
"2177 E Mores Trail Dr, Meridian, ID 83642",948000,https://www.zillow.com/homedetails/2177-E-Mores-Trail-Dr-Meridian-ID-83642/241995281_zpid/,3.0,3.0,2628,1,Back on Market,FOR_SALE,,SINGLE_FAMILY,Meridian,ID,83642,43.556034,-116.3676,241995281,2000.0,2000.0,360.73059360730593,11376.0,189600.0,758400.0,5173.624907946146,948.0,276.49999999999994,100.0,100.0,160.0,100.0,6858.124907946146,315.5,-4858.124907946146,-30.74762599965915
"5379 S Mesa Trail Pl, Meridian, ID 83642",949000,https://www.zillow.com/homedetails/5379-S-Mesa-Trail-Pl-Meridian-ID-83642/339431053_zpid/,4.0,4.0,3230,1,Active,FOR_SALE,,SINGLE_FAMILY,Meridian,ID,83642,43.55576,-116.35732,339431053,2000.0,2000.0,293.80804953560374,11388.0,189800.0,759200.0,5179.082318186595,949.0,276.79166666666663,100.0,100.0,160.0,100.0,6864.873984853262,314.2083333333335,-4864.873984853262,-30.75789663763917
"938 E Crescendo St, Meridian, ID 83642",949777,https://www.zillow.com/homedetails/938-E-Crescendo-St-Meridian-ID-83642/462365046_zpid/,4.0,4.0,3035,1,Active,FOR_SALE,,SINGLE_FAMILY,Meridian,ID,83642,43.550114,-116.38222,462365046,2000.0,2000.0,312.9413509060956,11397.324,189955.40000000002,759821.6,5183.322725943425,949.777,277.01829166666664,100.0,100.0,160.0,100.0,6870.118017610092,313.2047083333332,-4870.118017610092,-30.765861992510395
"3116 E Renwick St, Meridian, ID 83642",949825,https://www.zillow.com/homedetails/3116-E-Renwick-St-Meridian-ID-83642/462288775_zpid/,4.0,4.0,3301,1,Active,FOR_SALE,,SINGLE_FAMILY,Meridian,ID,83642,43.55272,-116.3563,462288775,2000.0,2000.0,287.7385640714935,11397.9,189965.0,759860.0,5183.584681634967,949.8249999999999,277.03229166666665,100.0,100.0,160.0,100.0,6870.441973301633,313.1427083333333,-4870.441973301633,-30.76635363336383
"3428 S Tamayo Pl, Meridian, ID 83642",949900,https://www.zillow.com/homedetails/3428-S-Tamayo-Pl-Meridian-ID-83642/459224069_zpid/,4.0,4.0,2751,1,Active,FOR_SALE,,SINGLE_FAMILY,Meridian,ID,83642,43.573593,-116.36999,459224069,2000.0,2000.0,345.29262086513995,11398.800000000001,189980.0,759920.0,5183.993987403,949.9000000000001,277.0541666666666,100.0,100.0,160.0,100.0,6870.948154069667,313.04583333333335,-4870.948154069667,-30.767121722726603
"479 Polar Bear, Meridian, ID 83642",949900,https://www.zillow.com/homedetails/479-Polar-Bear-Meridian-ID-83642/449637258_zpid/,5.0,4.0,4657,1,Active,FOR_SALE,,SINGLE_FAMILY,Meridian,ID,83642,43.584682,-116.39961,449637258,2000.0,2000.0,203.97251449430965,11398.800000000001,189980.0,759920.0,5183.993987403,949.9000000000001,277.0541666666666,100.0,100.0,160.0,100.0,6870.948154069667,313.04583333333335,-4870.948154069667,-30.767121722726603
"5937 S Highmark Ave, Meridian, ID 83642",949900,https://www.zillow.com/homedetails/5937-S-Highmark-Ave-Meridian-ID-83642/461738852_zpid/,4.0,3.0,2885,1,Active,FOR_SALE,,SINGLE_FAMILY,Meridian,ID,83642,43.5515,-116.38223,461738852,2000.0,2000.0,329.25476603119586,11398.800000000001,189980.0,759920.0,5183.993987403,949.9000000000001,277.0541666666666,100.0,100.0,160.0,100.0,6870.948154069667,313.04583333333335,-4870.948154069667,-30.767121722726603
"4630 E Goldstone Dr, Meridian, ID 83642",969000,https://www.zillow.com/homedetails/4630-E-Goldstone-Dr-Meridian-ID-83642/338346375_zpid/,4.0,3.0,2727,1,For sale by owner,FOR_SALE,,SINGLE_FAMILY,Meridian,ID,83642,43.5851,-116.33647,338346375,2000.0,2000.0,355.33553355335533,11628.0,193800.0,775200.0,5288.230522995586,969.0,282.62499999999994,100.0,100.0,160.0,100.0,6999.855522995586,288.375,-4999.855522995586,-30.95885772752685
"4718 E Goldstone Dr, Meridian, ID 83642",974000,https://www.zillow.com/homedetails/4718-E-Goldstone-Dr-Meridian-ID-83642/338346014_zpid/,4.0,3.0,2683,1,Active,FOR_SALE,,SINGLE_FAMILY,Meridian,ID,83642,43.58468,-116.33542,338346014,2000.0,2000.0,363.02646291464777,11688.0,194800.0,779200.0,5315.517574197833,974.0,284.0833333333333,100.0,100.0,160.0,100.0,7033.600907531166,281.91666666666674,-5033.600907531166,-31.007808465284388
"1901 S Ten Mile Rd, Meridian, ID 83642",975000,https://www.zillow.com/homedetails/1901-S-Ten-Mile-Rd-Meridian-ID-83642/82790870_zpid/,6.0,3.0,3579,1,Active,FOR_SALE,,SINGLE_FAMILY,Meridian,ID,83642,43.587486,-116.43473,82790870,2000.0,2000.0,272.4224643755239,11700.0,195000.0,780000.0,5320.974984438283,975.0,284.37499999999994,100.0,100.0,160.0,100.0,7040.349984438283,280.625,-5040.349984438283,-31.01753836577405
"5295 S Mesa Trail Way, Meridian, ID 83642",980000,https://www.zillow.com/homedetails/5295-S-Mesa-Trail-Way-Meridian-ID-83642/338344491_zpid/,4.0,4.0,3406,1,Active,FOR_SALE,,SINGLE_FAMILY,Meridian,ID,83642,43.556488,-116.358376,338344491,2000.0,2000.0,287.7275396359366,11760.0,196000.0,784000.0,5348.2620356405305,980.0,285.8333333333333,100.0,100.0,160.0,100.0,7074.0953689738635,274.16666666666674,-5074.0953689738635,-31.065890014125696
"6891 S Utmost Way, Meridian, ID 83642",989777,https://www.zillow.com/homedetails/6891-S-Utmost-Way-Meridian-ID-83642/461028063_zpid/,4.0,4.0,3074,1,Active,FOR_SALE,,SINGLE_FAMILY,Meridian,ID,83642,43.54213,-116.36393,461028063,2000.0,2000.0,321.98340923877686,11877.324,197955.40000000002,791821.6,5401.619135561405,989.777,288.6849583333333,100.0,100.0,160.0,100.0,7140.081093894738,261.5380416666667,-5140.081093894738,-31.15902527879353
"5481 S Mesa Trail Pl, Meridian, ID 83642",995000,https://www.zillow.com/homedetails/5481-S-Mesa-Trail-Pl-Meridian-ID-83642/339431054_zpid/,5.0,4.0,3285,1,Active,FOR_SALE,,SINGLE_FAMILY,Meridian,ID,83642,43.55498,-116.3561,339431054,2000.0,2000.0,302.8919330289193,11940.0,199000.0,796000.0,5430.123189247273,995.0,290.2083333333333,100.0,100.0,160.0,100.0,7175.331522580606,254.79166666666674,-5175.331522580606,-31.2080292818931
"3129 S Silvertip Ln, Meridian, ID 83642",995000,https://www.zillow.com/homedetails/3129-S-Silvertip-Ln-Meridian-ID-83642/79682134_zpid/,4.0,4.0,4166,1,Active,FOR_SALE,,SINGLE_FAMILY,Meridian,ID,83642,43.575947,-116.402794,79682134,2000.0,2000.0,238.83821411425828,11940.0,199000.0,796000.0,5430.123189247273,995.0,290.2083333333333,100.0,100.0,160.0,100.0,7175.331522580606,254.79166666666674,-5175.331522580606,-31.2080292818931
"2816 S Bear Claw Way, Meridian, ID 83642",1000000,https://www.zillow.com/homedetails/2816-S-Bear-Claw-Way-Meridian-ID-83642/79696805_zpid/,4.0,4.0,3391,1,Active,FOR_SALE,,SINGLE_FAMILY,Meridian,ID,83642,43.579052,-116.40013,79696805,2000.0,2000.0,294.8982601002654,12000.0,200000.0,800000.0,5457.410240449522,1000.0,291.66666666666663,100.0,100.0,160.0,100.0,7209.0769071161885,248.33333333333348,-5209.0769071161885,-31.254461442697128
"3938 S Tavistock Pl, Meridian, ID 83642",1000000,https://www.zillow.com/homedetails/3938-S-Tavistock-Pl-Meridian-ID-83642/83166968_zpid/,4.0,5.0,3730,1,Active,FOR_SALE,,SINGLE_FAMILY,Meridian,ID,83642,43.56932,-116.3488,83166968,2000.0,2000.0,268.0965147453083,12000.0,200000.0,800000.0,5457.410240449522,1000.0,291.66666666666663,100.0,100.0,160.0,100.0,7209.0769071161885,248.33333333333348,-5209.0769071161885,-31.254461442697128
"3834 E Englehart Ln, Meridian, ID 83642",1019500,https://www.zillow.com/homedetails/3834-E-Englehart-Ln-Meridian-ID-83642/2054287280_zpid/,4.0,4.0,3002,1,Active,FOR_SALE,,SINGLE_FAMILY,Meridian,ID,83642,43.540638,-116.3461,2054287280,2000.0,2000.0,339.60692871419053,12234.0,203900.0,815600.0,5563.829740138287,1019.5,297.35416666666663,100.0,100.0,160.0,100.0,7340.683906804954,223.14583333333348,-5340.683906804954,-31.431195135683886
"3112 E Renwick Dr, Meridian, ID 83642",1138954,https://www.zillow.com/homedetails/3112-E-Renwick-Dr-Meridian-ID-83642/462419214_zpid/,4.0,5.0,3675,1,Active,FOR_SALE,,SINGLE_FAMILY,Meridian,ID,83642,43.552475,-116.355965,462419214,2000.0,2000.0,309.9194557823129,13667.448,227790.80000000002,911163.2,6215.739223000944,1138.954,332.19491666666664,100.0,100.0,160.0,100.0,8146.88813966761,68.85108333333346,-6146.88813966761,-32.38175452038068
"2976 E Parulo Dr, Meridian, ID 83642",1155000,https://www.zillow.com/homedetails/2976-E-Parulo-Dr-Meridian-ID-83642/2059963188_zpid/,3.0,3.0,3151,1,Active,FOR_SALE,,SINGLE_FAMILY,Meridian,ID,83642,43.54775,-116.356514,2059963188,2000.0,2000.0,366.55030149158995,13860.0,231000.0,924000.0,6303.308827719196,1155.0,336.87499999999994,100.0,100.0,160.0,100.0,8255.183827719196,48.125,-6255.183827719196,-32.49446144269712
"6810 S Pemberley Way, Meridian, ID 83642",1200000,https://www.zillow.com/homedetails/6810-S-Pemberley-Way-Meridian-ID-83642/338345527_zpid/,3.0,3.0,2612,1,Active,FOR_SALE,,SINGLE_FAMILY,Meridian,ID,83642,43.54274,-116.358505,338345527,2000.0,2000.0,459.41807044410416,14400.0,240000.0,960000.0,6548.892288539426,1200.0,350.0,100.0,100.0,160.0,100.0,8558.892288539426,-10.0,-6558.892288539426,-32.79446144269713
"3293 W Twin View Ln, Meridian, ID 83642",1224900,https://www.zillow.com/homedetails/3293-W-Twin-View-Ln-Meridian-ID-83642/79612529_zpid/,6.0,3.0,3362,1,Active,FOR_SALE,,SINGLE_FAMILY,Meridian,ID,83642,43.566624,-116.43475,79612529,2000.0,2000.0,364.3367043426532,14698.800000000001,244980.0,979920.0,6684.781803526618,1224.9,357.2625,100.0,100.0,160.0,100.0,8726.94430352662,-42.162500000000136,-6726.9443035266195,-32.95098850613088
"3859 Vadonia Ln, Meridian, ID 83642",1299999,https://www.zillow.com/homedetails/3859-Vadonia-Ln-Meridian-ID-83642/2059460275_zpid/,4.0,3.0,2807,1,Active,FOR_SALE,,SINGLE_FAMILY,Meridian,ID,83642,43.53961,-116.34579,2059460275,2000.0,2000.0,463.12753829711437,15599.988000000001,259999.80000000002,1039999.2,7094.627855174136,1299.999,379.16637499999996,100.0,100.0,160.0,100.0,9233.793230174137,-139.16537500000004,-7233.793230174137,-33.38676366754498
"500 E Victory Rd, Meridian, ID 83642",1350000,https://www.zillow.com/homedetails/500-E-Victory-Rd-Meridian-ID-83642/79685465_zpid/,3.0,2.0,1420,1,Active,FOR_SALE,,SINGLE_FAMILY,Meridian,ID,83642,43.575836,-116.38826,79685465,2000.0,2000.0,950.7042253521126,16200.0,270000.0,1080000.0,7367.503824606853,1350.0,393.74999999999994,100.0,100.0,160.0,100.0,9571.253824606854,-203.75,-7571.253824606854,-33.65001699825269
"4434 W Vaquero Ln, Meridian, ID 83642",1350000,https://www.zillow.com/homedetails/4434-W-Vaquero-Ln-Meridian-ID-83642/79700596_zpid/,5.0,4.0,5243,1,Active,FOR_SALE,,SINGLE_FAMILY,Meridian,ID,83642,43.59205,-116.44892,79700596,2000.0,2000.0,257.48617203890905,16200.0,270000.0,1080000.0,7367.503824606853,1350.0,393.74999999999994,100.0,100.0,160.0,100.0,9571.253824606854,-203.75,-7571.253824606854,-33.65001699825269
"7933 S Old Farm Ln, Meridian, ID 83642",1599000,https://www.zillow.com/homedetails/7933-S-Old-Farm-Ln-Meridian-ID-83642/72689807_zpid/,5.0,4.0,4043,1,Active,FOR_SALE,,SINGLE_FAMILY,Meridian,ID,83642,43.533634,-116.44298,72689807,2000.0,2000.0,395.4983922829582,19188.0,319800.0,1279200.0,8726.398974478783,1599.0,466.37499999999994,100.0,100.0,160.0,100.0,11251.773974478783,-525.375,-9251.773974478783,-34.71584981042695
"5990 W View Dr, Meridian, ID 83642",1649900,https://www.zillow.com/homedetails/5990-W-View-Dr-Meridian-ID-83642/79654297_zpid/,5.0,5.0,4192,1,Active,FOR_SALE,,SINGLE_FAMILY,Meridian,ID,83642,43.595654,-116.46817,79654297,2000.0,2000.0,393.5830152671756,19798.8,329980.0,1319920.0,9004.181155717664,1649.8999999999999,481.2208333333333,100.0,100.0,160.0,100.0,11595.301989050997,-591.1208333333334,-9595.301989050997,-34.894122028187155
"7982 S Old Farm Ln, Meridian, ID 83642",1777000,https://www.zillow.com/homedetails/7982-S-Old-Farm-Ln-Meridian-ID-83642/79691017_zpid/,4.0,6.0,4532,1,Coming Soon,FOR_SALE,,SINGLE_FAMILY,Meridian,ID,83642,43.53332,-116.44208,79691017,2000.0,2000.0,392.1006178287732,21324.0,355400.0,1421600.0,9697.817997278798,1777.0,518.2916666666666,100.0,100.0,160.0,100.0,12453.109663945464,-755.2916666666665,-10453.109663945464,-35.29468654117771
"414 E Shafer View Dr, Meridian, ID 83642",1850000,https://www.zillow.com/homedetails/414-E-Shafer-View-Dr-Meridian-ID-83642/2078712611_zpid/,4.0,5.0,5362,1,Active,FOR_SALE,,SINGLE_FAMILY,Meridian,ID,83642,43.552143,-116.387375,2078712611,2000.0,2000.0,345.02051473330846,22200.0,370000.0,1480000.0,10096.208944831613,1850.0,539.5833333333333,100.0,100.0,160.0,100.0,12945.792278164947,-849.583333333333,-10945.792278164947,-35.49986684810253
"3606 E Columbia Rd, Meridian, ID 83642",2400000,https://www.zillow.com/homedetails/3606-E-Columbia-Rd-Meridian-ID-83642/79649407_zpid/,4.0,3.0,2487,1,Active,FOR_SALE,,SINGLE_FAMILY,Meridian,ID,83642,43.534687,-116.34873,79649407,2000.0,2000.0,965.0180940892642,28800.0,480000.0,1920000.0,13097.784577078852,2400.0,700.0,100.0,100.0,160.0,100.0,16657.78457707885,-1560.0,-14657.784577078852,-36.64446144269712
"6521 S Pemberley Way, Meridian, ID 83642",2599000,https://www.zillow.com/homedetails/6521-S-Pemberley-Way-Meridian-ID-83642/338346113_zpid/,5.0,5.0,4265,1,Active,FOR_SALE,,SINGLE_FAMILY,Meridian,ID,83642,43.545757,-116.35914,338346113,2000.0,2000.0,609.3786635404455,31188.0,519800.0,2079200.0,14183.809214928304,2599.0,758.0416666666665,100.0,100.0,160.0,100.0,18000.85088159497,-1817.0416666666665,-16000.850881594972,-36.939247899026476
"6805 S Pemberley Way, Meridian, ID 83642",2599800,https://www.zillow.com/homedetails/6805-S-Pemberley-Way-Meridian-ID-83642/338344695_zpid/,6.0,6.0,5063,1,Active,FOR_SALE,,SINGLE_FAMILY,Meridian,ID,83642,43.54285,-116.359116,338344695,2000.0,2000.0,513.4900256764764,31197.600000000002,519960.0,2079840.0,14188.175143120665,2599.8,758.275,100.0,100.0,160.0,100.0,18006.250143120666,-1818.0750000000003,-16006.250143120666,-36.940341895039616
"3797 S Rustler Ln, Meridian, ID 83642",2700000,https://www.zillow.com/homedetails/3797-S-Rustler-Ln-Meridian-ID-83642/459158216_zpid/,5.0,7.0,10655,1,Active,FOR_SALE,,SINGLE_FAMILY,Meridian,ID,83642,43.57145,-116.42728,459158216,2000.0,2000.0,253.40215861098076,32400.0,540000.0,2160000.0,14735.007649213707,2700.0,787.4999999999999,100.0,100.0,160.0,100.0,18682.50764921371,-1947.5,-16682.50764921371,-37.072239220474906
"4262 S Rustler Ln, Meridian, ID 83642",2999000,https://www.zillow.com/homedetails/4262-S-Rustler-Ln-Meridian-ID-83642/79691125_zpid/,5.0,5.0,7166,1,Active,FOR_SALE,,SINGLE_FAMILY,Meridian,ID,83642,43.564613,-116.42456,79691125,2000.0,2000.0,418.5040468880826,35988.0,599800.0,2399200.0,16366.773311108112,2999.0,874.7083333333331,100.0,100.0,160.0,100.0,20700.481644441443,-2333.708333333333,-18700.481644441443,-37.413434433694114
"7165 S Linder Rd, Meridian, ID 83642",6500000,https://www.zillow.com/homedetails/7165-S-Linder-Rd-Meridian-ID-83642/83167143_zpid/,7.0,6.0,6179,1,Active,FOR_SALE,,SINGLE_FAMILY,Meridian,ID,83642,43.539654,-116.41443,83167143,2000.0,2000.0,1051.950153746561,78000.0,1300000.0,5200000.0,35473.166562921884,6500.0,1895.833333333333,100.0,100.0,160.0,100.0,44328.99989625522,-6855.833333333332,-42328.99989625522,-39.07292298115866
